ID,FaceID,Trial_Round1,FirstRating,OtherRating,Trial_Round2,SecondRating,Feedback,Change
1,10,144,7,4,244,5,-3,-2
1,11,161,5,2,261,6,-3,1
1,12,155,5,7,255,6,2,1
1,13,132,5,7,232,5,2,0
1,14,153,4,2,253,5,-2,1
1,15,180,5,5,280,5,0,0
1,16,150,5,2,250,5,-3,0
1,17,129,5,8,229,5,3,0
1,18,139,6,4,239,4,-2,-2
1,19,131,6,6,231,6,0,0
1,2,154,5,5,254,6,0,1
1,20,157,7,0,257,6,-7,-1
1,21,136,4,1,236,4,-3,0
1,22,12,3,5,22,4,2,1
1,23,151,6,3,251,5,-3,-1
1,24,110,4,2,210,5,-2,1
1,25,13,5,7,23,5,2,0
1,26,114,5,3,214,6,-2,1
1,27,158,5,2,258,5,-3,0
1,28,160,5,8,260,5,3,0
1,29,123,7,4,223,6,-3,-1
1,3,143,5,7,243,5,2,0
1,30,138,6,3,238,5,-3,-1
1,31,125,7,0,225,6,-7,-1
1,32,111,5,2,211,6,-3,1
1,33,115,5,3,215,5,-2,0
1,34,121,5,5,221,5,0,0
1,35,175,5,3,275,6,-2,1
1,36,135,6,4,235,5,-2,-1
1,37,140,6,8,240,5,2,-1
1,38,147,7,4,247,6,-3,-1
1,39,159,3,5,259,3,2,0
1,4,169,5,8,269,5,3,0
1,40,134,5,8,234,6,3,1
1,41,179,6,8,279,4,2,-2
1,42,148,6,4,248,5,-2,-1
1,43,170,5,5,270,5,0,0
1,44,171,4,6,271,6,2,2
1,45,168,6,4,268,6,-2,0
1,46,163,6,4,263,6,-2,0
1,47,167,5,7,267,5,2,0
1,48,130,3,6,230,5,3,2
1,49,126,3,3,226,5,0,2
1,5,142,6,4,242,5,-2,-1
1,50,165,5,0,265,6,-5,1
1,51,11,5,0,21,4,-5,-1
1,52,15,5,3,25,5,-2,0
1,53,173,5,0,273,5,-5,0
1,54,146,6,8,246,6,2,0
1,55,124,8,8,224,6,0,-2
1,56,19,8,0,29,5,-8,-3
1,57,145,5,8,245,6,3,1
1,58,133,6,0,233,6,-6,0
1,59,18,7,4,28,5,-3,-2
1,6,16,5,8,26,5,3,0
1,60,166,3,1,266,5,-2,2
1,61,116,4,1,216,5,-3,1
1,62,172,4,6,272,5,2,1
1,63,177,4,2,277,4,-2,0
1,64,149,6,0,249,5,-6,-1
1,65,17,4,7,27,5,3,1
1,66,120,4,2,220,4,-2,0
1,67,156,6,8,256,6,2,0
1,68,176,5,7,276,5,2,0
1,69,164,5,2,264,6,-3,1
1,7,118,2,4,218,4,2,2
1,70,128,4,6,228,6,2,2
1,71,122,6,3,222,5,-3,-1
1,72,162,4,2,262,6,-2,2
1,73,14,4,6,24,4,2,0
1,74,113,5,5,213,6,0,1
1,75,137,5,8,237,6,3,1
1,76,112,4,1,212,4,-3,0
1,77,117,3,0,217,3,-3,0
1,78,174,4,2,274,4,-2,0
1,79,178,6,6,278,5,0,-1
1,8,152,4,1,252,5,-3,1
1,80,119,4,7,219,4,3,0
1,81,127,4,4,227,5,0,1
1,9,141,5,0,241,6,-5,1
10,10,141,3,0,241,3,-3,0
10,11,150,5,2,250,5,-3,0
10,12,143,3,3,243,3,0,0
10,13,121,2,4,221,2,2,0
10,14,144,4,2,244,3,-2,-1
10,15,168,3,6,268,4,3,1
10,16,114,2,5,214,2,3,0
10,17,128,4,1,228,3,-3,-1
10,18,159,5,5,259,6,0,1
10,19,163,3,5,263,3,2,0
10,2,177,7,4,277,4,-3,-3
10,20,138,6,4,238,6,-2,0
10,21,169,2,4,269,3,2,1
10,22,126,3,3,226,3,0,0
10,23,149,6,0,249,4,-6,-2
10,24,120,3,1,220,6,-2,3
10,25,178,6,6,278,4,0,-2
10,26,167,4,6,267,5,2,1
10,27,110,4,6,210,3,2,-1
10,28,134,3,5,234,4,2,1
10,29,125,6,0,225,7,-6,1
10,3,151,1,3,251,2,2,1
10,30,161,4,4,261,4,0,0
10,31,146,2,2,246,4,0,2
10,32,117,7,0,217,5,-7,-2
10,33,153,3,5,253,3,2,0
10,34,173,6,0,273,3,-6,-3
10,35,158,6,3,258,6,-3,0
10,36,164,2,5,264,2,3,0
10,37,152,4,4,252,4,0,0
10,38,174,3,1,274,3,-2,0
10,39,165,2,0,265,2,-2,0
10,4,16,4,2,26,3,-2,-1
10,40,139,3,3,239,5,0,2
10,41,145,6,4,245,5,-2,-1
10,42,116,5,5,216,4,0,-1
10,43,132,4,4,232,6,0,2
10,44,154,2,4,254,2,2,0
10,45,131,7,7,231,7,0,0
10,46,112,4,6,212,4,2,0
10,47,17,6,3,27,6,-3,0
10,48,160,6,4,260,6,-2,0
10,49,136,2,4,236,2,2,0
10,5,142,5,3,242,4,-2,-1
10,50,166,4,1,266,4,-3,0
10,51,12,4,4,22,3,0,-1
10,52,111,6,4,211,4,-2,-2
10,53,15,5,3,25,4,-2,-1
10,54,119,2,4,219,4,2,2
10,55,11,6,0,21,5,-6,-1
10,56,148,6,6,248,5,0,-1
10,57,123,5,8,223,5,3,0
10,58,13,3,1,23,3,-2,0
10,59,172,6,8,272,5,2,-1
10,6,115,3,1,215,3,-2,0
10,60,147,3,3,247,2,0,-1
10,61,133,4,0,233,5,-4,1
10,62,170,1,4,270,1,3,0
10,63,180,4,1,280,4,-3,0
10,64,130,3,6,230,4,3,1
10,65,156,3,3,256,4,0,1
10,66,124,5,2,224,5,-3,0
10,67,171,6,8,271,6,2,0
10,68,113,3,3,213,5,0,2
10,69,176,6,8,276,3,2,-3
10,7,175,3,5,275,4,2,1
10,70,162,3,5,262,3,2,0
10,71,122,7,5,222,7,-2,0
10,72,140,6,8,240,5,2,-1
10,73,18,1,4,28,1,3,0
10,74,129,5,3,229,3,-2,-2
10,75,14,6,8,24,6,2,0
10,76,157,4,0,257,7,-4,3
10,77,137,4,4,237,4,0,0
10,78,19,3,0,29,3,-3,0
10,79,135,6,6,235,5,0,-1
10,8,127,3,3,227,4,0,1
10,80,179,3,6,279,3,3,0
10,81,118,3,1,218,3,-2,0
10,9,155,2,2,255,3,0,1
11,10,146,3,6,246,6,3,3
11,11,133,4,0,233,4,-4,0
11,12,180,4,6,280,6,2,2
11,13,156,3,5,256,3,2,0
11,14,116,2,5,216,2,3,0
11,15,172,3,5,272,3,2,0
11,16,119,4,6,219,4,2,0
11,17,18,3,3,28,3,0,0
11,18,169,6,6,269,8,0,2
11,19,163,6,8,263,3,2,-3
11,2,128,4,6,228,4,2,0
11,20,120,7,4,220,6,-3,-1
11,21,13,1,4,23,1,3,0
11,22,176,1,1,276,2,0,1
11,23,173,5,0,273,6,-5,1
11,24,155,3,3,255,6,0,3
11,25,114,4,4,214,4,0,0
11,26,141,6,0,241,8,-6,2
11,27,159,2,4,259,1,2,-1
11,28,14,7,7,24,4,0,-3
11,29,148,6,8,248,7,2,1
11,3,138,5,3,238,4,-2,-1
11,30,131,4,4,231,5,0,1
11,31,158,6,6,258,6,0,0
11,32,136,4,7,236,4,3,0
11,33,130,3,5,230,2,2,-1
11,34,125,3,0,225,4,-3,1
11,35,17,7,4,27,5,-3,-2
11,36,150,1,4,250,2,3,1
11,37,19,5,0,29,4,-5,-1
11,38,161,1,1,261,1,0,0
11,39,16,5,5,26,4,0,-1
11,4,171,5,2,271,6,-3,1
11,40,145,1,1,245,2,0,1
11,41,157,6,0,257,4,-6,-2
11,42,115,2,2,215,4,0,2
11,43,142,3,6,242,4,3,1
11,44,152,6,8,252,3,2,-3
11,45,117,4,0,217,5,-4,1
11,46,139,4,4,239,7,0,3
11,47,127,6,6,227,7,0,1
11,48,153,3,5,253,2,2,-1
11,49,121,4,6,221,2,2,-2
11,5,174,3,1,274,3,-2,0
11,50,11,4,0,21,4,-4,0
11,51,15,4,2,25,1,-2,-3
11,52,147,2,4,247,2,2,0
11,53,175,6,6,275,6,0,0
11,54,168,4,4,268,7,0,3
11,55,177,4,1,277,4,-3,0
11,56,126,8,5,226,8,-3,0
11,57,164,4,2,264,3,-2,-1
11,58,166,2,2,266,2,0,0
11,59,132,5,3,232,4,-2,-1
11,6,118,1,3,218,2,2,1
11,60,124,4,7,224,4,3,0
11,61,112,6,6,212,6,0,0
11,62,160,2,2,260,1,0,-1
11,63,123,5,8,223,7,3,2
11,64,151,2,2,251,5,0,3
11,65,167,3,3,267,5,0,2
11,66,178,2,5,278,5,3,3
11,67,110,7,4,210,6,-3,-1
11,68,144,2,4,244,3,2,1
11,69,129,5,7,229,5,2,0
11,7,165,4,0,265,2,-4,-2
11,70,162,4,7,262,7,3,3
11,71,170,4,4,270,8,0,4
11,72,12,2,2,22,2,0,0
11,73,140,5,3,240,3,-2,-2
11,74,113,7,4,213,7,-3,0
11,75,149,6,0,249,5,-6,-1
11,76,154,4,4,254,6,0,2
11,77,134,6,8,234,6,2,0
11,78,122,2,5,222,3,3,1
11,79,143,4,7,243,5,3,1
11,8,137,4,2,237,7,-2,3
11,80,179,6,6,279,6,0,0
11,81,111,4,6,211,3,2,-1
11,9,135,4,4,235,2,0,-2
12,10,138,6,6,238,7,0,1
12,11,153,3,1,253,4,-2,1
12,12,125,4,0,225,3,-4,-1
12,13,161,1,3,261,2,2,1
12,14,131,4,1,231,3,-3,-1
12,15,171,4,2,271,4,-2,0
12,16,127,1,4,227,2,3,1
12,17,162,5,2,262,3,-3,-2
12,18,148,3,5,248,7,2,4
12,19,16,8,8,26,7,0,-1
12,2,180,6,8,280,5,2,-1
12,20,129,7,5,229,8,-2,1
12,21,155,2,4,255,2,2,0
12,22,136,1,4,236,1,3,0
12,23,11,6,0,21,5,-6,-1
12,24,144,6,4,244,7,-2,1
12,25,135,8,8,235,7,0,-1
12,26,113,8,5,213,8,-3,0
12,27,163,2,4,263,3,2,1
12,28,123,6,6,223,7,0,1
12,29,142,8,5,242,8,-3,0
12,3,166,6,4,266,6,-2,0
12,30,156,5,8,256,5,3,0
12,31,122,3,6,222,1,3,-2
12,32,172,5,2,272,5,-3,0
12,33,165,2,0,265,3,-2,1
12,34,111,3,5,211,3,2,0
12,35,175,8,8,275,8,0,0
12,36,132,3,3,232,3,0,0
12,37,164,6,3,264,6,-3,0
12,38,169,1,4,269,2,3,1
12,39,13,8,5,23,6,-3,-2
12,4,12,6,6,22,4,0,-2
12,40,145,5,8,245,7,3,2
12,41,147,5,5,247,7,0,2
12,42,149,2,0,249,3,-2,1
12,43,159,2,2,259,6,0,4
12,44,121,4,4,221,2,0,-2
12,45,112,6,3,212,5,-3,-1
12,46,17,7,4,27,5,-3,-2
12,47,157,8,0,257,8,-8,0
12,48,19,5,0,29,3,-5,-2
12,49,170,1,4,270,2,3,1
12,5,152,6,3,252,5,-3,-1
12,50,174,5,3,274,7,-2,2
12,51,15,6,8,25,1,2,-5
12,52,130,5,3,230,5,-2,0
12,53,115,5,7,215,4,2,-1
12,54,14,2,4,24,1,2,-1
12,55,150,1,3,250,1,2,0
12,56,151,8,5,251,8,-3,0
12,57,160,1,4,260,1,3,0
12,58,179,4,7,279,5,3,1
12,59,146,7,4,246,8,-3,1
12,6,133,3,0,233,3,-3,0
12,60,177,2,4,277,2,2,0
12,61,124,4,7,224,4,3,0
12,62,143,1,3,243,1,2,0
12,63,137,5,5,237,6,0,1
12,64,173,2,0,273,4,-2,2
12,65,18,7,4,28,8,-3,1
12,66,110,6,6,210,4,0,-2
12,67,167,7,7,267,8,0,1
12,68,154,2,2,254,3,0,1
12,69,178,6,8,278,7,2,1
12,7,158,4,6,258,4,2,0
12,70,114,7,5,214,6,-2,-1
12,71,134,7,4,234,8,-3,1
12,72,116,3,6,216,4,3,1
12,73,117,3,0,217,3,-3,0
12,74,168,8,5,268,7,-3,-1
12,75,128,5,8,228,6,3,1
12,76,140,8,5,240,8,-3,0
12,77,139,6,4,239,4,-2,-2
12,78,126,1,4,226,1,3,0
12,79,118,8,8,218,8,0,0
12,8,141,7,0,241,6,-7,-1
12,80,119,5,2,219,8,-3,3
12,81,176,2,4,276,2,2,0
12,9,120,2,5,220,3,3,1
13,10,144,6,4,244,4,-2,-2
13,11,154,6,6,254,7,0,1
13,12,152,5,8,252,6,3,1
13,13,157,3,0,257,3,-3,0
13,14,124,3,6,224,3,3,0
13,15,167,3,3,267,4,0,1
13,16,11,6,0,21,5,-6,-1
13,17,115,6,6,215,7,0,1
13,18,149,6,0,249,6,-6,0
13,19,131,7,7,231,6,0,-1
13,2,116,5,5,216,3,0,-2
13,20,169,6,4,269,7,-2,1
13,21,18,4,6,28,3,2,-1
13,22,175,3,6,275,4,3,1
13,23,142,5,7,242,6,2,1
13,24,13,6,3,23,5,-3,-1
13,25,165,5,0,265,4,-5,-1
13,26,139,8,6,239,8,-2,0
13,27,137,7,7,237,5,0,-2
13,28,143,5,8,243,5,3,0
13,29,112,7,5,212,6,-2,-1
13,3,141,4,0,241,5,-4,1
13,30,128,4,1,228,2,-3,-2
13,31,147,7,4,247,7,-3,0
13,32,19,5,0,29,5,-5,0
13,33,172,3,5,272,4,2,1
13,34,17,6,6,27,5,0,-1
13,35,136,5,2,236,4,-3,-1
13,36,174,2,5,274,3,3,1
13,37,114,8,5,214,8,-3,0
13,38,162,3,3,262,4,0,1
13,39,178,4,7,278,3,3,-1
13,4,121,6,8,221,7,2,1
13,40,179,5,5,279,5,0,0
13,41,130,4,7,230,4,3,0
13,42,145,3,1,245,2,-2,-1
13,43,129,5,7,229,5,2,0
13,44,120,5,3,220,4,-2,-1
13,45,146,5,7,246,6,2,1
13,46,127,6,4,227,6,-2,0
13,47,177,7,4,277,7,-3,0
13,48,160,5,3,260,5,-2,0
13,49,119,3,5,219,3,2,0
13,5,173,6,0,273,7,-6,1
13,50,122,7,5,222,7,-2,0
13,51,163,3,5,263,4,2,1
13,52,161,4,1,261,4,-3,0
13,53,113,6,8,213,7,2,1
13,54,16,4,6,26,3,2,-1
13,55,126,6,3,226,7,-3,1
13,56,151,7,4,251,7,-3,0
13,57,134,6,6,234,4,0,-2
13,58,110,4,2,210,4,-2,0
13,59,117,7,0,217,6,-7,-1
13,6,170,3,3,270,3,0,0
13,60,135,7,5,235,6,-2,-1
13,61,156,3,3,256,3,0,0
13,62,111,4,6,211,4,2,0
13,63,153,8,6,253,7,-2,-1
13,64,159,7,5,259,6,-2,-1
13,65,148,4,6,248,4,2,0
13,66,164,4,7,264,4,3,0
13,67,12,7,4,22,8,-3,1
13,68,140,7,7,240,7,0,0
13,69,180,6,3,280,6,-3,0
13,7,166,4,2,266,5,-2,1
13,70,168,4,6,268,4,2,0
13,71,132,7,7,232,7,0,0
13,72,133,5,0,233,5,-5,0
13,73,150,4,6,250,4,2,0
13,74,138,6,4,238,4,-2,-2
13,75,171,4,6,271,5,2,1
13,76,125,5,0,225,6,-5,1
13,77,14,5,2,24,4,-3,-1
13,78,176,3,1,276,4,-2,1
13,79,158,7,5,258,8,-2,1
13,8,155,4,6,255,4,2,0
13,80,15,5,5,25,3,0,-2
13,81,123,4,1,223,4,-3,0
13,9,118,4,4,218,3,0,-1
14,10,117,6,0,217,6,-6,0
14,11,130,7,7,230,5,0,-2
14,12,143,2,5,243,1,3,-1
14,13,176,2,5,276,2,3,0
14,14,142,4,4,242,3,0,-1
14,15,152,5,8,252,3,3,-2
14,16,111,4,1,211,6,-3,2
14,17,164,4,7,264,6,3,2
14,18,140,8,5,240,6,-3,-2
14,19,141,3,0,241,2,-3,-1
14,2,158,5,3,258,5,-2,0
14,20,135,7,7,235,7,0,0
14,21,163,3,3,263,2,0,-1
14,22,132,2,4,232,3,2,1
14,23,110,5,8,210,4,3,-1
14,24,139,7,7,239,6,0,-1
14,25,16,5,7,26,3,2,-2
14,26,173,6,0,273,7,-6,1
14,27,145,5,2,245,4,-3,-1
14,28,11,3,0,21,5,-3,2
14,29,13,7,7,23,6,0,-1
14,3,161,3,5,261,2,2,-1
14,30,120,3,6,220,6,3,3
14,31,177,2,4,277,6,2,4
14,32,179,3,6,279,3,3,0
14,33,133,5,0,233,2,-5,-3
14,34,153,2,5,253,1,3,-1
14,35,125,6,0,225,6,-6,0
14,36,17,3,3,27,1,0,-2
14,37,149,4,0,249,4,-4,0
14,38,166,2,2,266,2,0,0
14,39,129,6,3,229,6,-3,0
14,4,15,6,6,25,4,0,-2
14,40,119,7,5,219,6,-2,-1
14,41,137,6,4,237,6,-2,0
14,42,162,1,3,262,1,2,0
14,43,113,2,5,213,4,3,2
14,44,167,2,5,267,1,3,-1
14,45,138,5,8,238,7,3,2
14,46,157,2,0,257,7,-2,5
14,47,12,7,7,22,7,0,0
14,48,155,5,8,255,6,3,1
14,49,134,1,3,234,1,2,0
14,5,180,6,8,280,6,2,0
14,50,172,3,1,272,7,-2,4
14,51,14,2,5,24,2,3,0
14,52,121,2,5,221,2,3,0
14,53,124,6,8,224,7,2,1
14,54,174,2,5,274,2,3,0
14,55,156,7,7,256,6,0,-1
14,56,146,7,5,246,7,-2,0
14,57,114,3,1,214,1,-2,-2
14,58,144,1,3,244,1,2,0
14,59,116,7,4,216,7,-3,0
14,6,127,2,5,227,3,3,1
14,60,136,2,4,236,2,2,0
14,61,178,3,5,278,5,2,2
14,62,175,3,1,275,2,-2,-1
14,63,18,6,6,28,6,0,0
14,64,131,5,5,231,6,0,1
14,65,126,4,2,226,5,-2,1
14,66,160,1,3,260,2,2,1
14,67,170,8,5,270,7,-3,-1
14,68,169,3,5,269,3,2,0
14,69,154,6,3,254,3,-3,-3
14,7,115,2,4,215,3,2,1
14,70,159,3,5,259,4,2,1
14,71,19,5,0,29,6,-5,1
14,72,123,3,3,223,4,0,1
14,73,128,1,1,228,1,0,0
14,74,148,5,2,248,2,-3,-3
14,75,151,6,3,251,5,-3,-1
14,76,171,5,2,271,4,-3,-1
14,77,168,6,8,268,5,2,-1
14,78,150,2,4,250,2,2,0
14,79,147,6,8,247,6,2,0
14,8,122,1,1,222,1,0,0
14,80,112,3,5,212,2,2,-1
14,81,118,4,6,218,5,2,1
14,9,165,3,0,265,3,-3,0
15,10,113,7,7,213,6,0,-1
15,11,169,6,3,269,2,-3,-4
15,12,180,1,3,280,2,2,1
15,13,139,1,1,239,3,0,2
15,14,175,2,2,275,2,0,0
15,15,116,3,1,216,5,-2,2
15,16,150,1,1,250,2,0,1
15,17,141,7,0,241,6,-7,-1
15,18,162,8,6,262,7,-2,-1
15,19,13,5,7,23,5,2,0
15,2,171,3,5,271,3,2,0
15,20,125,6,0,225,7,-6,1
15,21,123,5,2,223,5,-3,0
15,22,177,5,7,277,3,2,-2
15,23,174,4,7,274,5,3,1
15,24,138,5,3,238,6,-2,1
15,25,163,6,8,263,6,2,0
15,26,110,7,7,210,7,0,0
15,27,165,4,0,265,7,-4,3
15,28,143,5,2,243,5,-3,0
15,29,14,8,5,24,8,-3,0
15,3,119,3,6,219,1,3,-2
15,30,11,6,0,21,3,-6,-3
15,31,151,1,1,251,1,0,0
15,32,16,4,4,26,2,0,-2
15,33,142,5,3,242,2,-2,-3
15,34,148,3,6,248,5,3,2
15,35,147,1,1,247,4,0,3
15,36,166,5,2,266,5,-3,0
15,37,152,4,2,252,5,-2,1
15,38,168,2,4,268,4,2,2
15,39,164,2,5,264,4,3,2
15,4,157,2,0,257,4,-2,2
15,40,12,7,5,22,7,-2,0
15,41,19,5,0,29,5,-5,0
15,42,112,3,5,212,1,2,-2
15,43,17,4,4,27,3,0,-1
15,44,115,4,4,215,3,0,-1
15,45,130,4,2,230,3,-2,-1
15,46,161,7,7,261,5,0,-2
15,47,132,6,6,232,7,0,1
15,48,127,5,5,227,5,0,0
15,49,159,5,2,259,6,-3,1
15,5,154,6,4,254,5,-2,-1
15,50,18,5,3,28,6,-2,1
15,51,134,2,2,234,2,0,0
15,52,111,4,6,211,3,2,-1
15,53,155,1,4,255,2,3,1
15,54,122,4,4,222,5,0,1
15,55,121,7,5,221,7,-2,0
15,56,145,7,4,245,8,-3,1
15,57,137,6,4,237,6,-2,0
15,58,172,2,2,272,5,0,3
15,59,144,6,3,244,7,-3,1
15,6,136,4,1,236,2,-3,-2
15,60,133,3,0,233,4,-3,1
15,61,153,5,5,253,6,0,1
15,62,160,2,4,260,2,2,0
15,63,173,6,0,273,7,-6,1
15,64,176,1,4,276,4,3,3
15,65,128,5,8,228,6,3,1
15,66,156,3,5,256,2,2,-1
15,67,15,5,7,25,7,2,2
15,68,140,4,6,240,4,2,0
15,69,179,3,1,279,4,-2,1
15,7,167,3,6,267,6,3,3
15,70,146,2,2,246,6,0,4
15,71,114,6,4,214,4,-2,-2
15,72,178,3,6,278,6,3,3
15,73,129,2,2,229,1,0,-1
15,74,131,8,5,231,8,-3,0
15,75,120,5,5,220,4,0,-1
15,76,149,5,0,249,7,-5,2
15,77,135,3,6,235,5,3,2
15,78,170,2,5,270,1,3,-1
15,79,118,7,7,218,6,0,-1
15,8,126,3,6,226,4,3,1
15,80,124,6,4,224,6,-2,0
15,81,117,3,0,217,2,-3,-1
15,9,158,2,5,258,2,3,0
16,10,19,6,0,29,6,-6,0
16,11,150,7,5,250,6,-2,-1
16,12,153,4,7,253,4,3,0
16,13,115,3,5,215,2,2,-1
16,14,129,2,4,229,3,2,1
16,15,143,4,2,243,4,-2,0
16,16,124,4,4,224,4,0,0
16,17,176,4,1,276,4,-3,0
16,18,139,5,2,239,5,-3,0
16,19,123,6,8,223,4,2,-2
16,2,111,3,5,211,3,2,0
16,20,146,7,4,246,6,-3,-1
16,21,14,4,4,24,3,0,-1
16,22,118,2,4,218,1,2,-1
16,23,168,3,5,268,5,2,2
16,24,112,6,3,212,6,-3,0
16,25,113,2,5,213,4,3,2
16,26,166,7,5,266,7,-2,0
16,27,159,3,3,259,5,0,2
16,28,179,5,5,279,6,0,1
16,29,164,6,3,264,7,-3,1
16,3,173,2,0,273,3,-2,1
16,30,140,6,8,240,5,2,-1
16,31,174,4,7,274,3,3,-1
16,32,157,4,0,257,4,-4,0
16,33,120,2,4,220,2,2,0
16,34,170,2,2,270,4,0,2
16,35,18,7,4,28,6,-3,-1
16,36,152,2,5,252,3,3,1
16,37,125,6,0,225,6,-6,0
16,38,137,2,2,237,2,0,0
16,39,169,3,1,269,3,-2,0
16,4,130,6,8,230,4,2,-2
16,40,136,7,7,236,5,0,-2
16,41,122,5,7,222,5,2,0
16,42,17,1,4,27,1,3,0
16,43,180,5,3,280,5,-2,0
16,44,145,4,7,245,3,3,-1
16,45,132,6,4,232,4,-2,-2
16,46,116,3,5,216,3,2,0
16,47,141,7,0,241,5,-7,-2
16,48,162,2,4,262,3,2,1
16,49,121,2,2,221,2,0,0
16,5,167,2,2,267,5,0,3
16,50,149,3,0,249,5,-3,2
16,51,134,2,2,234,2,0,0
16,52,177,2,5,277,4,3,2
16,53,178,4,4,278,5,0,1
16,54,131,6,8,231,3,2,-3
16,55,160,4,1,260,4,-3,0
16,56,154,8,6,254,7,-2,-1
16,57,171,2,2,271,5,0,3
16,58,110,2,5,210,3,3,1
16,59,161,6,8,261,5,2,-1
16,6,151,2,5,251,3,3,1
16,60,13,6,4,23,3,-2,-3
16,61,133,3,0,233,3,-3,0
16,62,165,2,0,265,2,-2,0
16,63,127,4,4,227,4,0,0
16,64,15,2,2,25,2,0,0
16,65,128,4,7,228,5,3,1
16,66,148,3,3,248,4,0,1
16,67,114,5,8,214,3,3,-2
16,68,142,6,4,242,5,-2,-1
16,69,147,4,6,247,4,2,0
16,7,158,4,6,258,4,2,0
16,70,12,6,8,22,4,2,-2
16,71,11,6,0,21,5,-6,-1
16,72,16,4,1,26,3,-3,-1
16,73,172,2,4,272,3,2,1
16,74,175,5,3,275,5,-2,0
16,75,126,3,6,226,4,3,1
16,76,163,5,2,263,6,-3,1
16,77,155,5,5,255,5,0,0
16,78,156,3,5,256,4,2,1
16,79,144,8,6,244,7,-2,-1
16,8,117,4,0,217,2,-4,-2
16,80,119,3,1,219,2,-2,-1
16,81,135,6,4,235,6,-2,0
16,9,138,2,2,238,3,0,1
17,10,168,6,3,268,5,-3,-1
17,11,125,6,0,225,5,-6,-1
17,12,173,5,0,273,5,-5,0
17,13,179,4,6,279,2,2,-2
17,14,136,5,7,236,5,2,0
17,15,16,4,1,26,4,-3,0
17,16,132,5,2,232,5,-3,0
17,17,139,5,5,239,5,0,0
17,18,156,6,6,256,6,0,0
17,19,169,5,8,269,5,3,0
17,2,117,5,0,217,5,-5,0
17,20,160,7,7,260,5,0,-2
17,21,151,5,3,251,4,-2,-1
17,22,171,4,7,271,3,3,-1
17,23,177,5,8,277,5,3,0
17,24,110,3,5,210,5,2,2
17,25,137,5,3,237,5,-2,0
17,26,17,6,6,27,6,0,0
17,27,140,5,5,240,5,0,0
17,28,150,6,4,250,5,-2,-1
17,29,147,6,3,247,6,-3,0
17,3,155,6,4,255,5,-2,-1
17,30,121,5,5,221,5,0,0
17,31,158,5,5,258,4,0,-1
17,32,14,3,5,24,3,2,0
17,33,154,3,1,254,3,-2,0
17,34,176,6,6,276,5,0,-1
17,35,172,6,4,272,6,-2,0
17,36,115,3,5,215,3,2,0
17,37,170,6,6,270,6,0,0
17,38,131,2,4,231,3,2,1
17,39,18,4,7,28,5,3,1
17,4,152,6,4,252,5,-2,-1
17,40,128,5,3,228,5,-2,0
17,41,123,6,4,223,6,-2,0
17,42,138,3,3,238,3,0,0
17,43,141,6,0,241,6,-6,0
17,44,145,5,8,245,4,3,-1
17,45,142,4,1,242,5,-3,1
17,46,157,5,0,257,4,-5,-1
17,47,164,7,4,264,6,-3,-1
17,48,165,5,0,265,5,-5,0
17,49,124,4,6,224,4,2,0
17,5,143,5,8,243,5,3,0
17,50,144,5,5,244,6,0,1
17,51,134,4,2,234,4,-2,0
17,52,126,5,7,226,5,2,0
17,53,161,5,5,261,4,0,-1
17,54,116,5,7,216,5,2,0
17,55,129,5,8,229,5,3,0
17,56,122,7,5,222,7,-2,0
17,57,11,4,0,21,2,-4,-2
17,58,167,4,4,267,3,0,-1
17,59,162,5,8,262,5,3,0
17,6,112,5,3,212,4,-2,-1
17,60,130,4,2,230,4,-2,0
17,61,178,6,6,278,4,0,-2
17,62,13,3,1,23,3,-2,0
17,63,148,7,5,248,6,-2,-1
17,64,146,6,8,246,7,2,1
17,65,153,5,2,253,5,-3,0
17,66,19,3,0,29,5,-3,2
17,67,135,6,6,235,6,0,0
17,68,166,5,8,266,3,3,-2
17,69,174,6,3,274,5,-3,-1
17,7,175,6,6,275,5,0,-1
17,70,113,5,3,213,5,-2,0
17,71,111,7,7,211,6,0,-1
17,72,159,4,1,259,4,-3,0
17,73,12,2,2,22,2,0,0
17,74,149,5,0,249,5,-5,0
17,75,180,5,3,280,5,-2,0
17,76,114,5,8,214,6,3,1
17,77,127,6,3,227,5,-3,-1
17,78,15,2,4,25,2,2,0
17,79,133,6,0,233,6,-6,0
17,8,163,4,4,263,5,0,1
17,80,119,5,5,219,5,0,0
17,81,120,5,7,220,5,2,0
17,9,118,5,3,218,5,-2,0
18,10,16,5,2,26,6,-3,1
18,11,115,7,4,215,4,-3,-3
18,12,112,6,6,212,5,0,-1
18,13,166,3,6,266,2,3,-1
18,14,134,2,4,234,4,2,2
18,15,141,3,0,241,4,-3,1
18,16,118,3,6,218,4,3,1
18,17,171,2,5,271,4,3,2
18,18,111,5,8,211,6,3,1
18,19,122,3,1,222,3,-2,0
18,2,167,5,7,267,3,2,-2
18,20,129,6,3,229,6,-3,0
18,21,120,4,7,220,3,3,-1
18,22,177,2,4,277,3,2,1
18,23,179,3,3,279,5,0,2
18,24,158,7,7,258,7,0,0
18,25,165,5,0,265,5,-5,0
18,26,169,6,8,269,6,2,0
18,27,126,4,7,226,2,3,-2
18,28,175,6,8,275,6,2,0
18,29,176,6,3,276,6,-3,0
18,3,113,7,4,213,3,-3,-4
18,30,147,4,1,247,3,-3,-1
18,31,124,2,5,224,4,3,2
18,32,138,4,6,238,3,2,-1
18,33,163,5,5,263,4,0,-1
18,34,139,2,5,239,3,3,1
18,35,173,7,0,273,5,-7,-2
18,36,137,2,5,237,3,3,1
18,37,135,6,8,235,5,2,-1
18,38,159,4,4,259,3,0,-1
18,39,149,2,0,249,2,-2,0
18,4,142,6,3,242,6,-3,0
18,40,136,6,8,236,6,2,0
18,41,140,6,3,240,6,-3,0
18,42,114,2,5,214,2,3,0
18,43,125,5,0,225,6,-5,1
18,44,15,7,4,25,6,-3,-1
18,45,146,4,1,246,4,-3,0
18,46,132,5,2,232,5,-3,0
18,47,144,4,2,244,6,-2,2
18,48,130,3,5,230,6,2,3
18,49,172,4,6,272,3,2,-1
18,5,117,6,0,217,3,-6,-3
18,50,127,6,6,227,6,0,0
18,51,19,2,0,29,3,-2,1
18,52,162,5,3,262,4,-2,-1
18,53,180,5,3,280,6,-2,1
18,54,151,3,5,251,4,2,1
18,55,164,5,2,264,4,-3,-1
18,56,131,7,5,231,7,-2,0
18,57,12,4,7,22,3,3,-1
18,58,148,2,2,248,3,0,1
18,59,150,2,5,250,4,3,2
18,6,161,5,2,261,2,-3,-3
18,60,17,3,1,27,2,-2,-1
18,61,110,2,2,210,4,0,2
18,62,11,2,0,21,2,-2,0
18,63,133,6,0,233,6,-6,0
18,64,13,7,5,23,3,-2,-4
18,65,119,5,2,219,2,-3,-3
18,66,121,3,3,221,3,0,0
18,67,155,6,8,255,7,2,1
18,68,168,2,5,268,3,3,1
18,69,143,2,2,243,4,0,2
18,7,14,6,6,24,3,0,-3
18,70,123,3,6,223,3,3,0
18,71,156,2,5,256,6,3,4
18,72,153,3,5,253,3,2,0
18,73,157,1,0,257,1,-1,0
18,74,18,7,5,28,6,-2,-1
18,75,154,5,3,254,5,-2,0
18,76,116,7,7,216,4,0,-3
18,77,160,6,3,260,3,-3,-3
18,78,170,2,5,270,2,3,0
18,79,152,5,2,252,6,-3,1
18,8,128,6,3,228,5,-3,-1
18,80,174,6,4,274,5,-2,-1
18,81,145,2,2,245,3,0,1
18,9,178,1,4,278,3,3,2
19,10,11,7,0,21,7,-7,0
19,11,155,5,5,255,6,0,1
19,12,147,4,2,247,5,-2,1
19,13,149,3,0,249,3,-3,0
19,14,121,5,8,221,4,3,-1
19,15,165,5,0,265,5,-5,0
19,16,156,6,3,256,6,-3,0
19,17,167,6,4,267,6,-2,0
19,18,180,6,6,280,6,0,0
19,19,125,7,0,225,7,-7,0
19,2,136,4,6,236,5,2,1
19,20,162,5,2,262,5,-3,0
19,21,142,4,2,242,5,-2,1
19,22,173,4,0,273,5,-4,1
19,23,127,4,7,227,4,3,0
19,24,179,8,8,279,7,0,-1
19,25,168,5,3,268,7,-2,2
19,26,150,8,6,250,8,-2,0
19,27,151,5,2,251,6,-3,1
19,28,132,5,3,232,6,-2,1
19,29,138,8,5,238,8,-3,0
19,3,119,5,5,219,5,0,0
19,30,110,7,7,210,7,0,0
19,31,133,6,0,233,6,-6,0
19,32,146,5,7,246,4,2,-1
19,33,164,3,5,264,5,2,2
19,34,13,6,4,23,5,-2,-1
19,35,178,7,5,278,5,-2,-2
19,36,166,3,3,266,3,0,0
19,37,19,7,0,29,7,-7,0
19,38,175,5,5,275,3,0,-2
19,39,129,6,4,229,6,-2,0
19,4,14,6,3,24,5,-3,-1
19,40,114,8,5,214,8,-3,0
19,41,116,6,6,216,6,0,0
19,42,139,4,4,239,4,0,0
19,43,124,6,3,224,5,-3,-1
19,44,140,6,3,240,5,-3,-1
19,45,161,4,7,261,5,3,1
19,46,122,8,8,222,7,0,-1
19,47,171,6,4,271,6,-2,0
19,48,134,2,2,234,4,0,2
19,49,130,7,7,230,7,0,0
19,5,16,7,5,26,6,-2,-1
19,50,160,6,6,260,6,0,0
19,51,12,5,5,22,5,0,0
19,52,131,5,7,231,4,2,-1
19,53,18,6,8,28,7,2,1
19,54,176,6,3,276,6,-3,0
19,55,123,7,7,223,6,0,-1
19,56,159,7,5,259,7,-2,0
19,57,172,3,3,272,5,0,2
19,58,126,3,3,226,2,0,-1
19,59,145,6,3,245,7,-3,1
19,6,112,4,2,212,4,-2,0
19,60,170,6,4,270,6,-2,0
19,61,137,4,2,237,3,-2,-1
19,62,154,3,3,254,2,0,-1
19,63,152,5,7,252,5,2,0
19,64,111,8,8,211,8,0,0
19,65,177,6,6,277,6,0,0
19,66,141,5,0,241,4,-5,-1
19,67,163,7,5,263,6,-2,-1
19,68,15,7,5,25,6,-2,-1
19,69,113,6,4,213,7,-2,1
19,7,169,5,5,269,5,0,0
19,70,157,7,0,257,8,-7,1
19,71,135,6,8,235,6,2,0
19,72,117,5,0,217,5,-5,0
19,73,17,4,4,27,2,0,-2
19,74,144,5,8,244,7,3,2
19,75,118,4,1,218,4,-3,0
19,76,174,6,8,274,7,2,1
19,77,153,5,2,253,5,-3,0
19,78,143,1,4,243,2,3,1
19,79,120,8,5,220,8,-3,0
19,8,148,5,5,248,5,0,0
19,80,115,6,6,215,7,0,1
19,81,158,5,3,258,6,-2,1
19,9,128,6,6,228,5,0,-1
2,10,122,7,7,222,6,0,-1
2,11,14,6,3,24,7,-3,1
2,12,13,2,4,23,2,2,0
2,13,176,1,4,276,3,3,2
2,14,147,5,5,247,5,0,0
2,15,143,3,3,243,6,0,3
2,16,150,4,6,250,3,2,-1
2,17,136,5,8,236,3,3,-2
2,18,156,4,1,256,4,-3,0
2,19,158,5,7,258,8,2,3
2,2,19,4,0,29,5,-4,1
2,20,169,4,2,269,2,-2,-2
2,21,140,3,6,240,4,3,1
2,22,144,4,2,244,3,-2,-1
2,23,174,7,7,274,7,0,0
2,24,123,6,3,223,4,-3,-2
2,25,118,6,4,218,5,-2,-1
2,26,128,8,6,228,6,-2,-2
2,27,132,4,7,232,3,3,-1
2,28,134,8,6,234,7,-2,-1
2,29,175,7,7,275,3,0,-4
2,3,141,3,0,241,6,-3,3
2,30,15,4,7,25,3,3,-1
2,31,177,2,5,277,2,3,0
2,32,180,2,5,280,5,3,3
2,33,155,5,5,255,6,0,1
2,34,170,5,8,270,2,3,-3
2,35,160,7,5,260,2,-2,-5
2,36,11,4,0,21,5,-4,1
2,37,164,7,7,264,7,0,0
2,38,163,2,5,263,1,3,-1
2,39,167,3,3,267,2,0,-1
2,4,120,7,5,220,6,-2,-1
2,40,111,7,7,211,7,0,0
2,41,113,7,7,213,7,0,0
2,42,12,2,5,22,2,3,0
2,43,110,6,4,210,6,-2,0
2,44,165,7,0,265,7,-7,0
2,45,145,5,8,245,6,3,1
2,46,114,7,5,214,4,-2,-3
2,47,127,4,2,227,3,-2,-1
2,48,17,3,1,27,2,-2,-1
2,49,172,3,1,272,3,-2,0
2,5,149,3,0,249,7,-3,4
2,50,135,5,8,235,3,3,-2
2,51,117,2,0,217,3,-2,1
2,52,131,3,5,231,2,2,-1
2,53,115,3,6,215,2,3,-1
2,54,18,3,6,28,2,3,-1
2,55,166,6,6,266,7,0,1
2,56,151,3,5,251,8,2,5
2,57,159,2,2,259,3,0,1
2,58,178,2,5,278,2,3,0
2,59,138,6,8,238,2,2,-4
2,6,179,6,6,279,7,0,1
2,60,121,4,7,221,3,3,-1
2,61,124,3,1,224,3,-2,0
2,62,130,1,3,230,2,2,1
2,63,126,5,3,226,5,-2,0
2,64,125,3,0,225,3,-3,0
2,65,119,6,8,219,5,2,-1
2,66,152,4,6,252,3,2,-1
2,67,129,6,3,229,5,-3,-1
2,68,116,4,2,216,3,-2,-1
2,69,153,1,3,253,2,2,1
2,7,171,8,5,271,3,-3,-5
2,70,146,4,4,246,4,0,0
2,71,16,3,3,26,2,0,-1
2,72,112,6,3,212,6,-3,0
2,73,157,1,0,257,1,-1,0
2,74,168,3,6,268,2,3,-1
2,75,154,2,2,254,2,0,0
2,76,148,6,3,248,5,-3,-1
2,77,162,3,6,262,3,3,0
2,78,139,2,4,239,2,2,0
2,79,161,7,4,261,6,-3,-1
2,8,133,4,0,233,3,-4,-1
2,80,142,3,1,242,6,-2,3
2,81,137,4,7,237,2,3,-2
2,9,173,4,0,273,3,-4,-1
20,10,160,4,7,260,6,3,2
20,11,130,6,3,230,6,-3,0
20,12,137,4,7,237,6,3,2
20,13,149,2,0,249,1,-2,-1
20,14,111,5,2,211,3,-3,-2
20,15,175,6,3,275,5,-3,-1
20,16,127,4,1,227,3,-3,-1
20,17,136,5,5,236,5,0,0
20,18,158,7,4,258,6,-3,-1
20,19,128,6,6,228,4,0,-2
20,2,145,4,1,245,3,-3,-1
20,20,152,5,5,252,5,0,0
20,21,135,2,4,235,3,2,1
20,22,110,5,5,210,4,0,-1
20,23,117,5,0,217,3,-5,-2
20,24,114,6,6,214,5,0,-1
20,25,161,5,7,261,6,2,1
20,26,131,6,6,231,6,0,0
20,27,143,6,3,243,6,-3,0
20,28,170,5,8,270,5,3,0
20,29,118,6,3,218,6,-3,0
20,3,125,6,0,225,5,-6,-1
20,30,162,5,3,262,6,-2,1
20,31,124,7,4,224,6,-3,-1
20,32,172,3,6,272,5,3,2
20,33,123,6,4,223,3,-2,-3
20,34,142,5,3,242,6,-2,1
20,35,147,6,3,247,6,-3,0
20,36,134,3,6,234,3,3,0
20,37,15,7,7,25,6,0,-1
20,38,159,2,5,259,4,3,2
20,39,144,5,2,244,6,-3,1
20,4,157,6,0,257,6,-6,0
20,40,133,5,0,233,6,-5,1
20,41,113,6,4,213,6,-2,0
20,42,12,4,4,22,3,0,-1
20,43,151,6,8,251,4,2,-2
20,44,11,6,0,21,6,-6,0
20,45,167,5,7,267,5,2,0
20,46,153,5,5,253,5,0,0
20,47,112,7,5,212,7,-2,0
20,48,14,7,7,24,6,0,-1
20,49,116,4,1,216,4,-3,0
20,5,120,5,5,220,5,0,0
20,50,177,6,4,277,6,-2,0
20,51,164,3,6,264,3,3,0
20,52,156,2,2,256,4,0,2
20,53,138,6,3,238,6,-3,0
20,54,126,3,6,226,3,3,0
20,55,173,4,0,273,6,-4,2
20,56,178,5,7,278,6,2,1
20,57,17,5,8,27,6,3,1
20,58,18,4,7,28,4,3,0
20,59,154,5,2,254,6,-3,1
20,6,163,3,5,263,3,2,0
20,60,168,5,3,268,5,-2,0
20,61,148,3,5,248,6,2,3
20,62,165,3,0,265,3,-3,0
20,63,141,8,0,241,6,-8,-2
20,64,150,3,1,250,3,-2,0
20,65,19,7,0,29,6,-7,-1
20,66,132,3,1,232,3,-2,0
20,67,16,7,7,26,6,0,-1
20,68,139,6,8,239,6,2,0
20,69,174,3,5,274,6,2,3
20,7,166,3,5,266,4,2,1
20,70,140,5,3,240,4,-2,-1
20,71,146,6,6,246,5,0,-1
20,72,171,6,8,271,6,2,0
20,73,169,3,1,269,3,-2,0
20,74,13,5,7,23,2,2,-3
20,75,122,5,7,222,6,2,1
20,76,119,5,7,219,6,2,1
20,77,115,5,3,215,5,-2,0
20,78,121,4,1,221,4,-3,0
20,79,176,7,4,276,6,-3,-1
20,8,179,4,6,279,3,2,-1
20,80,155,4,1,255,6,-3,2
20,81,129,6,6,229,6,0,0
20,9,180,3,6,280,5,3,2
21,10,157,4,0,257,4,-4,0
21,11,113,6,3,213,6,-3,0
21,12,112,5,5,212,3,0,-2
21,13,119,3,6,219,4,3,1
21,14,132,3,1,232,4,-2,1
21,15,154,4,7,254,3,3,-1
21,16,16,4,6,26,2,2,-2
21,17,176,2,5,276,4,3,2
21,18,130,5,5,230,5,0,0
21,19,159,4,2,259,5,-2,1
21,2,141,3,0,241,2,-3,-1
21,20,162,5,5,262,6,0,1
21,21,172,4,4,272,2,0,-2
21,22,165,2,0,265,2,-2,0
21,23,144,4,1,244,4,-3,0
21,24,121,5,7,221,5,2,0
21,25,11,6,0,21,6,-6,0
21,26,120,6,3,220,6,-3,0
21,27,124,4,1,224,4,-3,0
21,28,151,5,5,251,6,0,1
21,29,174,7,4,274,7,-3,0
21,3,136,3,3,236,2,0,-1
21,30,131,4,1,231,3,-3,-1
21,31,13,5,7,23,3,2,-2
21,32,149,2,0,249,4,-2,2
21,33,138,2,5,238,3,3,1
21,34,12,5,8,22,5,3,0
21,35,122,6,6,222,3,0,-3
21,36,143,3,3,243,4,0,1
21,37,127,5,7,227,5,2,0
21,38,118,3,6,218,3,3,0
21,39,175,3,6,275,4,3,1
21,4,168,4,2,268,2,-2,-2
21,40,18,6,4,28,5,-2,-1
21,41,179,6,6,279,6,0,0
21,42,152,1,3,252,4,2,3
21,43,137,3,3,237,4,0,1
21,44,169,3,6,269,4,3,1
21,45,134,4,2,234,5,-2,1
21,46,123,5,2,223,4,-3,-1
21,47,133,6,0,233,6,-6,0
21,48,148,4,7,248,4,3,0
21,49,128,3,6,228,3,3,0
21,5,114,3,5,214,5,2,2
21,50,15,7,4,25,6,-3,-1
21,51,164,3,6,264,3,3,0
21,52,171,3,3,271,2,0,-1
21,53,158,3,3,258,2,0,-1
21,54,178,3,3,278,4,0,1
21,55,147,3,3,247,4,0,1
21,56,145,6,4,245,6,-2,0
21,57,163,3,6,263,4,3,1
21,58,156,2,5,256,1,3,-1
21,59,140,6,6,240,5,0,-1
21,6,173,2,0,273,1,-2,-1
21,60,19,4,0,29,3,-4,-1
21,61,166,2,5,266,3,3,1
21,62,155,1,1,255,1,0,0
21,63,167,2,4,267,4,2,2
21,64,117,3,0,217,3,-3,0
21,65,177,3,6,277,5,3,2
21,66,115,2,2,215,2,0,0
21,67,126,7,4,226,8,-3,1
21,68,139,3,3,239,3,0,0
21,69,160,5,2,260,6,-3,1
21,7,135,2,5,235,2,3,0
21,70,153,5,3,253,3,-2,-2
21,71,110,8,6,210,3,-2,-5
21,72,180,4,1,280,3,-3,-1
21,73,111,3,3,211,1,0,-2
21,74,146,3,1,246,5,-2,2
21,75,116,4,2,216,2,-2,-2
21,76,125,5,0,225,6,-5,1
21,77,142,4,2,242,5,-2,1
21,78,150,2,2,250,2,0,0
21,79,17,8,5,27,7,-3,-1
21,8,14,4,7,24,3,3,-1
21,80,129,3,3,229,3,0,0
21,81,161,4,6,261,4,2,0
21,9,170,3,3,270,1,0,-2
22,10,136,6,3,236,6,-3,0
22,11,126,4,1,226,5,-3,1
22,12,14,6,8,24,4,2,-2
22,13,172,2,4,272,2,2,0
22,14,175,3,6,275,4,3,1
22,15,132,5,5,232,3,0,-2
22,16,146,3,5,246,3,2,0
22,17,167,6,3,267,6,-3,0
22,18,153,1,4,253,2,3,1
22,19,134,8,5,234,7,-3,-1
22,2,112,6,4,212,6,-2,0
22,20,15,6,8,25,5,2,-1
22,21,135,3,6,235,3,3,0
22,22,148,6,8,248,3,2,-3
22,23,165,3,0,265,4,-3,1
22,24,12,5,8,22,6,3,1
22,25,117,4,0,217,5,-4,1
22,26,128,7,5,228,7,-2,0
22,27,151,6,8,251,6,2,0
22,28,163,5,8,263,7,3,2
22,29,157,6,0,257,6,-6,0
22,3,179,3,5,279,4,2,1
22,30,162,7,4,262,7,-3,0
22,31,118,3,5,218,4,2,1
22,32,155,7,5,255,5,-2,-2
22,33,166,6,3,266,3,-3,-3
22,34,141,3,0,241,2,-3,-1
22,35,180,5,8,280,5,3,0
22,36,177,4,1,277,4,-3,0
22,37,122,2,5,222,4,3,2
22,38,156,7,7,256,6,0,-1
22,39,149,5,0,249,3,-5,-2
22,4,121,7,4,221,6,-3,-1
22,40,13,2,2,23,1,0,-1
22,41,17,6,3,27,3,-3,-3
22,42,131,1,4,231,1,3,0
22,43,129,6,8,229,6,2,0
22,44,159,5,2,259,4,-3,-1
22,45,178,4,7,278,5,3,1
22,46,18,5,2,28,5,-3,0
22,47,176,1,3,276,2,2,1
22,48,152,2,4,252,2,2,0
22,49,154,3,5,254,2,2,-1
22,5,169,8,6,269,7,-2,-1
22,50,158,7,5,258,5,-2,-2
22,51,160,6,4,260,3,-2,-3
22,52,111,5,8,211,5,3,0
22,53,161,2,5,261,6,3,4
22,54,127,2,4,227,2,2,0
22,55,115,6,8,215,7,2,1
22,56,123,7,7,223,6,0,-1
22,57,119,2,2,219,3,0,1
22,58,125,1,0,225,2,-1,1
22,59,164,5,8,264,6,3,1
22,6,168,2,2,268,3,0,1
22,60,110,3,1,210,4,-2,1
22,61,11,3,0,21,1,-3,-2
22,62,173,1,0,273,2,-1,1
22,63,116,3,3,216,7,0,4
22,64,114,2,4,214,2,2,0
22,65,133,3,0,233,3,-3,0
22,66,145,8,8,245,5,0,-3
22,67,171,6,8,271,5,2,-1
22,68,150,3,6,250,3,3,0
22,69,144,8,6,244,6,-2,-2
22,7,130,7,4,230,4,-3,-3
22,70,142,6,8,242,6,2,0
22,71,147,5,2,247,7,-3,2
22,72,137,5,8,237,5,3,0
22,73,19,1,0,29,1,-1,0
22,74,113,7,7,213,7,0,0
22,75,170,6,4,270,6,-2,0
22,76,140,6,6,240,6,0,0
22,77,174,6,4,274,5,-2,-1
22,78,139,3,5,239,2,2,-1
22,79,16,8,5,26,8,-3,0
22,8,120,3,1,220,2,-2,-1
22,80,124,2,5,224,3,3,1
22,81,138,5,7,238,3,2,-2
22,9,143,2,4,243,2,2,0
23,10,147,5,2,247,4,-3,-1
23,11,160,4,2,260,6,-2,2
23,12,177,2,2,277,3,0,1
23,13,174,2,2,274,4,0,2
23,14,180,4,6,280,4,2,0
23,15,19,4,0,29,4,-4,0
23,16,112,5,8,212,4,3,-1
23,17,167,6,6,267,6,0,0
23,18,164,6,3,264,6,-3,0
23,19,141,7,0,241,5,-7,-2
23,2,143,5,5,243,5,0,0
23,20,125,6,0,225,6,-6,0
23,21,16,3,3,26,4,0,1
23,22,133,3,0,233,2,-3,-1
23,23,169,6,3,269,4,-3,-2
23,24,119,4,7,219,4,3,0
23,25,146,6,8,246,6,2,0
23,26,162,4,2,262,6,-2,2
23,27,148,3,3,248,4,0,1
23,28,171,6,6,271,6,0,0
23,29,118,7,5,218,6,-2,-1
23,3,176,4,1,276,4,-3,0
23,30,179,6,4,279,5,-2,-1
23,31,150,5,8,250,4,3,-1
23,32,114,6,4,214,5,-2,-1
23,33,127,6,4,227,4,-2,-2
23,34,14,6,3,24,4,-3,-2
23,35,130,7,7,230,6,0,-1
23,36,110,2,5,210,3,3,1
23,37,15,6,3,25,7,-3,1
23,38,132,3,5,232,4,2,1
23,39,156,3,3,256,4,0,1
23,4,134,7,4,234,6,-3,-1
23,40,155,4,1,255,6,-3,2
23,41,161,6,8,261,4,2,-2
23,42,175,2,4,275,2,2,0
23,43,138,3,5,238,3,2,0
23,44,115,6,8,215,4,2,-2
23,45,120,5,8,220,5,3,0
23,46,122,7,5,222,5,-2,-2
23,47,12,7,7,22,7,0,0
23,48,129,5,5,229,4,0,-1
23,49,172,4,2,272,4,-2,0
23,5,135,7,7,235,6,0,-1
23,50,123,6,6,223,3,0,-3
23,51,18,5,2,28,2,-3,-3
23,52,153,4,4,253,4,0,0
23,53,157,6,0,257,4,-6,-2
23,54,145,4,1,245,3,-3,-1
23,55,116,3,6,216,6,3,3
23,56,13,7,4,23,7,-3,0
23,57,149,3,0,249,3,-3,0
23,58,124,4,2,224,2,-2,-2
23,59,136,7,4,236,6,-3,-1
23,6,178,3,6,278,4,3,1
23,60,121,7,4,221,6,-3,-1
23,61,113,5,7,213,4,2,-1
23,62,165,3,0,265,4,-3,1
23,63,159,7,5,259,7,-2,0
23,64,166,4,4,266,6,0,2
23,65,142,8,5,242,6,-3,-2
23,66,126,3,1,226,4,-2,1
23,67,163,6,4,263,6,-2,0
23,68,158,3,5,258,3,2,0
23,69,168,5,3,268,3,-2,-2
23,7,17,4,1,27,2,-3,-2
23,70,139,5,8,239,3,3,-2
23,71,111,6,4,211,6,-2,0
23,72,144,8,6,244,8,-2,0
23,73,154,2,4,254,2,2,0
23,74,117,3,0,217,3,-3,0
23,75,11,3,0,21,4,-3,1
23,76,140,4,1,240,5,-3,1
23,77,151,4,4,251,3,0,-1
23,78,128,3,5,228,3,2,0
23,79,131,4,2,231,7,-2,3
23,8,170,3,3,270,4,0,1
23,80,152,4,2,252,4,-2,0
23,81,137,4,7,237,4,3,0
23,9,173,4,0,273,5,-4,1
24,10,169,5,5,269,4,0,-1
24,11,180,6,3,280,5,-3,-1
24,12,126,5,3,226,5,-2,0
24,13,13,3,3,23,2,0,-1
24,14,122,6,4,222,5,-2,-1
24,15,165,4,0,265,3,-4,-1
24,16,130,4,7,230,5,3,1
24,17,129,6,3,229,5,-3,-1
24,18,133,6,0,233,5,-6,-1
24,19,131,4,1,231,4,-3,0
24,2,163,6,8,263,5,2,-1
24,20,142,6,8,242,6,2,0
24,21,146,3,6,246,4,3,1
24,22,14,4,2,24,2,-2,-2
24,23,18,5,3,28,6,-2,1
24,24,134,7,5,234,7,-2,0
24,25,158,4,7,258,4,3,0
24,26,160,4,2,260,5,-2,1
24,27,127,5,5,227,5,0,0
24,28,136,5,7,236,5,2,0
24,29,135,7,4,235,7,-3,0
24,3,123,5,3,223,5,-2,0
24,30,143,5,5,243,4,0,-1
24,31,157,5,0,257,4,-5,-1
24,32,141,5,0,241,4,-5,-1
24,33,176,3,5,276,4,2,1
24,34,175,4,1,275,3,-3,-1
24,35,138,7,7,238,6,0,-1
24,36,177,3,6,277,5,3,2
24,37,156,6,8,256,6,2,0
24,38,172,3,5,272,3,2,0
24,39,170,6,6,270,5,0,-1
24,4,19,6,0,29,6,-6,0
24,40,128,6,8,228,4,2,-2
24,41,173,5,0,273,4,-5,-1
24,42,112,4,1,212,4,-3,0
24,43,137,6,8,237,6,2,0
24,44,132,6,4,232,3,-2,-3
24,45,166,6,8,266,6,2,0
24,46,113,6,3,213,5,-3,-1
24,47,124,6,6,224,5,0,-1
24,48,121,4,2,221,5,-2,1
24,49,149,4,0,249,5,-4,1
24,5,152,4,6,252,3,2,-1
24,50,140,7,7,240,5,0,-2
24,51,110,3,6,210,3,3,0
24,52,168,6,4,268,6,-2,0
24,53,114,7,4,214,4,-3,-3
24,54,171,5,8,271,3,3,-2
24,55,178,5,5,278,6,0,1
24,56,116,8,8,216,8,0,0
24,57,111,2,5,211,3,3,1
24,58,118,2,2,218,3,0,1
24,59,145,5,2,245,6,-3,1
24,6,120,4,4,220,5,0,1
24,60,162,4,4,262,3,0,-1
24,61,155,4,6,255,4,2,0
24,62,17,2,5,27,3,3,1
24,63,179,6,8,279,5,2,-1
24,64,117,5,0,217,3,-5,-2
24,65,153,4,2,253,6,-2,2
24,66,12,4,4,22,3,0,-1
24,67,151,7,4,251,7,-3,0
24,68,174,5,5,274,3,0,-2
24,69,125,7,0,225,6,-7,-1
24,7,164,4,1,264,7,-3,3
24,70,159,5,2,259,3,-3,-2
24,71,161,6,4,261,7,-2,1
24,72,15,4,2,25,4,-2,0
24,73,147,3,3,247,2,0,-1
24,74,11,6,0,21,4,-6,-2
24,75,119,5,5,219,6,0,1
24,76,148,3,5,248,6,2,3
24,77,144,4,1,244,5,-3,1
24,78,139,3,3,239,3,0,0
24,79,154,6,8,254,7,2,1
24,8,167,6,8,267,4,2,-2
24,80,115,4,2,215,3,-2,-1
24,81,150,6,3,250,6,-3,0
24,9,16,3,1,26,5,-2,2
25,10,130,5,2,230,6,-3,1
25,11,134,6,8,234,6,2,0
25,12,165,3,0,265,3,-3,0
25,13,143,1,4,243,1,3,0
25,14,151,3,3,251,3,0,0
25,15,159,6,8,259,3,2,-3
25,16,145,5,8,245,4,3,-1
25,17,141,4,0,241,3,-4,-1
25,18,170,7,7,270,8,0,1
25,19,179,6,8,279,3,2,-3
25,2,149,3,0,249,3,-3,0
25,20,17,5,2,27,4,-3,-1
25,21,163,1,1,263,2,0,1
25,22,120,1,4,220,1,3,0
25,23,11,6,0,21,7,-6,1
25,24,155,4,1,255,6,-3,2
25,25,18,4,4,28,5,0,1
25,26,140,8,8,240,6,0,-2
25,27,153,5,2,253,2,-3,-3
25,28,174,4,7,274,3,3,-1
25,29,14,7,7,24,8,0,1
25,3,137,1,4,237,3,3,2
25,30,177,5,5,277,6,0,1
25,31,176,3,6,276,5,3,2
25,32,152,3,5,252,5,2,2
25,33,116,4,1,216,2,-3,-2
25,34,119,4,2,219,6,-2,2
25,35,148,2,2,248,2,0,0
25,36,154,2,5,254,1,3,-1
25,37,132,5,7,232,5,2,0
25,38,166,4,2,266,4,-2,0
25,39,114,5,3,214,7,-2,2
25,4,12,3,1,22,7,-2,4
25,40,136,4,4,236,4,0,0
25,41,173,6,0,273,5,-6,-1
25,42,157,1,0,257,1,-1,0
25,43,147,6,3,247,5,-3,-1
25,44,110,1,3,210,1,2,0
25,45,160,1,4,260,1,3,0
25,46,129,4,4,229,6,0,2
25,47,128,7,4,228,7,-3,0
25,48,19,3,0,29,2,-3,-1
25,49,171,1,1,271,1,0,0
25,5,115,7,4,215,5,-3,-2
25,50,118,7,7,218,5,0,-2
25,51,131,2,2,231,3,0,1
25,52,135,1,1,235,4,0,3
25,53,168,5,2,268,5,-3,0
25,54,162,2,5,262,1,3,-1
25,55,144,4,6,244,3,2,-1
25,56,127,7,5,227,7,-2,0
25,57,125,2,0,225,1,-2,-1
25,58,124,6,3,224,2,-3,-4
25,59,161,6,3,261,7,-3,1
25,6,111,4,7,211,1,3,-3
25,60,122,5,8,222,7,3,2
25,61,126,2,2,226,1,0,-1
25,62,16,1,1,26,1,0,0
25,63,138,7,5,238,7,-2,0
25,64,175,3,1,275,3,-2,0
25,65,13,5,2,23,5,-3,0
25,66,123,7,4,223,6,-3,-1
25,67,121,6,8,221,7,2,1
25,68,167,2,5,267,4,3,2
25,69,172,3,5,272,6,2,3
25,7,169,4,2,269,7,-2,3
25,70,156,4,1,256,6,-3,2
25,71,133,6,0,233,4,-6,-2
25,72,112,7,5,212,6,-2,-1
25,73,113,1,3,213,1,2,0
25,74,15,4,1,25,2,-3,-2
25,75,139,3,6,239,3,3,0
25,76,117,5,0,217,4,-5,-1
25,77,150,3,1,250,2,-2,-1
25,78,146,1,4,246,1,3,0
25,79,180,7,5,280,8,-2,1
25,8,178,2,4,278,6,2,4
25,80,142,3,5,242,5,2,2
25,81,164,3,3,264,1,0,-2
25,9,158,4,1,258,2,-3,-2
26,10,117,6,0,217,5,-6,-1
26,11,141,7,0,241,5,-7,-2
26,12,142,3,1,242,6,-2,3
26,13,174,2,4,274,5,2,3
26,14,147,3,6,247,2,3,-1
26,15,166,6,4,266,4,-2,-2
26,16,159,5,5,259,4,0,-1
26,17,160,3,1,260,5,-2,2
26,18,150,5,2,250,7,-3,2
26,19,176,1,1,276,5,0,4
26,2,127,6,6,227,5,0,-1
26,20,153,6,8,253,6,2,0
26,21,124,4,4,224,5,0,1
26,22,122,3,1,222,3,-2,0
26,23,136,6,6,236,6,0,0
26,24,17,4,7,27,5,3,1
26,25,140,3,1,240,3,-2,0
26,26,129,3,3,229,6,0,3
26,27,164,2,5,264,4,3,2
26,28,15,6,4,25,5,-2,-1
26,29,171,7,4,271,7,-3,0
26,3,139,6,8,239,6,2,0
26,30,145,6,8,245,4,2,-2
26,31,146,4,7,246,2,3,-2
26,32,18,3,3,28,3,0,0
26,33,162,6,4,262,4,-2,-2
26,34,130,4,2,230,4,-2,0
26,35,163,6,3,263,6,-3,0
26,36,138,4,7,238,3,3,-1
26,37,177,7,4,277,7,-3,0
26,38,121,3,3,221,2,0,-1
26,39,111,4,4,211,3,0,-1
26,4,134,2,5,234,6,3,4
26,40,169,5,7,269,6,2,1
26,41,118,6,4,218,6,-2,0
26,42,161,5,7,261,6,2,1
26,43,167,6,3,267,3,-3,-3
26,44,157,4,0,257,4,-4,0
26,45,170,3,1,270,5,-2,2
26,46,178,6,6,278,4,0,-2
26,47,168,6,8,268,7,2,1
26,48,132,4,2,232,6,-2,2
26,49,149,3,0,249,2,-3,-1
26,5,172,7,5,272,5,-2,-2
26,50,180,7,4,280,6,-3,-1
26,51,125,4,0,225,5,-4,1
26,52,151,4,1,251,6,-3,2
26,53,152,6,6,252,4,0,-2
26,54,144,2,5,244,3,3,1
26,55,120,6,6,220,4,0,-2
26,56,173,7,0,273,7,-7,0
26,57,113,3,3,213,2,0,-1
26,58,143,2,2,243,2,0,0
26,59,137,7,7,237,6,0,-1
26,6,112,3,1,212,2,-2,-1
26,60,119,3,6,219,2,3,-1
26,61,133,4,0,233,4,-4,0
26,62,156,6,4,256,3,-2,-3
26,63,19,5,0,29,5,-5,0
26,64,116,5,2,216,4,-3,-1
26,65,158,5,3,258,4,-2,-1
26,66,114,2,4,214,4,2,2
26,67,123,6,6,223,7,0,1
26,68,13,5,7,23,4,2,-1
26,69,12,5,8,22,3,3,-2
26,7,165,7,0,265,5,-7,-2
26,70,175,3,6,275,3,3,0
26,71,16,5,7,26,3,2,-2
26,72,11,7,0,21,6,-7,-1
26,73,115,1,1,215,1,0,0
26,74,154,4,6,254,4,2,0
26,75,14,7,7,24,5,0,-2
26,76,131,5,5,231,5,0,0
26,77,155,6,3,255,6,-3,0
26,78,148,1,3,248,2,2,1
26,79,135,6,3,235,6,-3,0
26,8,110,4,6,210,4,2,0
26,80,126,3,1,226,4,-2,1
26,81,179,3,3,279,3,0,0
26,9,128,6,8,228,5,2,-1
27,10,128,6,6,228,1,0,-5
27,11,118,6,3,218,1,-3,-5
27,12,121,7,5,221,1,-2,-6
27,13,146,3,6,246,1,3,-2
27,14,138,5,7,238,1,2,-4
27,15,11,5,0,21,1,-5,-4
27,16,167,7,7,267,1,0,-6
27,17,178,6,8,278,1,2,-5
27,18,117,6,0,217,1,-6,-5
27,19,133,7,0,233,1,-7,-6
27,2,127,6,8,227,1,2,-5
27,20,166,6,4,266,1,-2,-5
27,21,116,4,6,216,1,2,-3
27,22,120,6,8,220,1,2,-5
27,23,110,6,4,210,1,-2,-5
27,24,19,6,0,29,1,-6,-5
27,25,144,6,4,244,1,-2,-5
27,26,129,6,4,229,1,-2,-5
27,27,155,6,3,255,1,-3,-5
27,28,154,6,4,254,1,-2,-5
27,29,141,7,0,241,1,-7,-6
27,3,142,6,4,242,1,-2,-5
27,30,153,6,4,253,1,-2,-5
27,31,171,7,5,271,1,-2,-6
27,32,176,6,3,276,1,-3,-5
27,33,119,6,4,219,1,-2,-5
27,34,172,6,4,272,1,-2,-5
27,35,131,6,4,231,1,-2,-5
27,36,163,6,3,263,1,-3,-5
27,37,124,6,6,224,1,0,-5
27,38,139,5,2,239,1,-3,-4
27,39,135,3,3,235,1,0,-2
27,4,168,6,8,268,1,2,-5
27,40,15,5,7,25,1,2,-4
27,41,145,6,6,245,1,0,-5
27,42,160,6,6,260,1,0,-5
27,43,122,6,3,222,1,-3,-5
27,44,132,6,6,232,1,0,-5
27,45,157,4,0,257,1,-4,-3
27,46,125,6,0,225,1,-6,-5
27,47,140,6,6,240,1,0,-5
27,48,113,6,6,213,1,0,-5
27,49,14,6,6,24,1,0,-5
27,5,114,6,8,214,1,2,-5
27,50,12,4,7,22,1,3,-3
27,51,151,5,2,251,1,-3,-4
27,52,164,6,3,264,1,-3,-5
27,53,158,5,8,258,1,3,-4
27,54,111,6,6,211,1,0,-5
27,55,174,6,3,274,1,-3,-5
27,56,156,6,8,256,1,2,-5
27,57,173,6,0,273,1,-6,-5
27,58,175,6,4,275,1,-2,-5
27,59,152,5,3,252,1,-2,-4
27,6,177,6,4,277,1,-2,-5
27,60,149,5,0,249,1,-5,-4
27,61,170,7,5,270,1,-2,-6
27,62,169,6,3,269,1,-3,-5
27,63,136,4,4,236,1,0,-3
27,64,126,6,3,226,1,-3,-5
27,65,123,6,4,223,1,-2,-5
27,66,115,6,8,215,1,2,-5
27,67,165,6,0,265,1,-6,-5
27,68,150,4,6,250,1,2,-3
27,69,16,5,8,26,1,3,-4
27,7,137,5,8,237,1,3,-4
27,70,147,6,6,247,1,0,-5
27,71,179,6,8,279,1,2,-5
27,72,17,6,3,27,1,-3,-5
27,73,13,3,6,23,1,3,-2
27,74,180,6,8,280,1,2,-5
27,75,130,6,6,230,1,0,-5
27,76,143,7,4,243,1,-3,-6
27,77,112,6,3,212,1,-3,-5
27,78,148,2,4,248,1,2,-1
27,79,161,6,6,261,1,0,-5
27,8,162,6,3,262,1,-3,-5
27,80,134,3,1,234,1,-2,-2
27,81,18,6,8,28,1,2,-5
27,9,159,6,6,259,1,0,-5
28,10,173,3,0,273,2,-3,-1
28,11,142,3,5,242,3,2,0
28,12,151,2,5,251,2,3,0
28,13,159,4,1,259,3,-3,-1
28,14,133,4,0,233,4,-4,0
28,15,165,4,0,265,5,-4,1
28,16,167,3,6,267,3,3,0
28,17,127,3,6,227,2,3,-1
28,18,141,3,0,241,2,-3,-1
28,19,138,2,4,238,2,2,0
28,2,111,5,8,211,4,3,-1
28,20,179,3,6,279,3,3,0
28,21,124,3,3,224,2,0,-1
28,22,155,4,1,255,2,-3,-2
28,23,112,4,6,212,3,2,-1
28,24,13,5,2,23,5,-3,0
28,25,171,3,5,271,3,2,0
28,26,140,3,1,240,3,-2,0
28,27,119,3,3,219,2,0,-1
28,28,17,5,5,27,3,0,-2
28,29,11,6,0,21,4,-6,-2
28,3,129,4,1,229,3,-3,-1
28,30,114,5,3,214,2,-2,-3
28,31,174,4,7,274,3,3,-1
28,32,164,3,3,264,4,0,1
28,33,143,3,6,243,3,3,0
28,34,156,4,6,256,3,2,-1
28,35,176,5,5,276,5,0,0
28,36,163,3,5,263,3,2,0
28,37,113,4,6,213,2,2,-2
28,38,177,2,2,277,3,0,1
28,39,132,3,6,232,3,3,0
28,4,180,4,4,280,5,0,1
28,40,158,2,5,258,2,3,0
28,41,145,4,4,245,4,0,0
28,42,19,3,0,29,2,-3,-1
28,43,144,4,6,244,4,2,0
28,44,115,4,4,215,2,0,-2
28,45,161,6,3,261,5,-3,-1
28,46,137,3,3,237,2,0,-1
28,47,118,5,8,218,4,3,-1
28,48,168,4,7,268,4,3,0
28,49,152,3,5,252,2,2,-1
28,5,146,4,4,246,4,0,0
28,50,121,5,5,221,4,0,-1
28,51,110,4,2,210,2,-2,-2
28,52,15,4,7,25,4,3,0
28,53,122,4,1,222,3,-3,-1
28,54,12,4,2,22,3,-2,-1
28,55,149,3,0,249,3,-3,0
28,56,117,6,0,217,4,-6,-2
28,57,160,3,3,260,3,0,0
28,58,166,3,3,266,4,0,1
28,59,154,3,3,254,3,0,0
28,6,16,5,5,26,4,0,-1
28,60,125,5,0,225,4,-5,-1
28,61,123,6,3,223,4,-3,-2
28,62,130,3,6,230,2,3,-1
28,63,136,3,1,236,2,-2,-1
28,64,150,3,1,250,3,-2,0
28,65,131,4,7,231,3,3,-1
28,66,148,4,7,248,3,3,-1
28,67,128,5,8,228,2,3,-3
28,68,139,3,1,239,3,-2,0
28,69,147,5,8,247,5,3,0
28,7,175,3,5,275,3,2,0
28,70,157,3,0,257,3,-3,0
28,71,172,5,8,272,4,3,-1
28,72,14,5,8,24,5,3,0
28,73,116,3,5,216,2,2,-1
28,74,169,2,5,269,2,3,0
28,75,178,3,6,278,3,3,0
28,76,135,4,7,235,2,3,-2
28,77,120,4,4,220,2,0,-2
28,78,162,3,5,262,2,2,-1
28,79,126,4,4,226,3,0,-1
28,8,18,4,7,28,2,3,-2
28,80,134,2,4,234,3,2,1
28,81,153,3,1,253,3,-2,0
28,9,170,3,1,270,3,-2,0
29,10,147,6,8,247,6,2,0
29,11,148,6,6,248,7,0,1
29,12,114,6,3,214,6,-3,0
29,13,125,5,0,225,6,-5,1
29,14,145,5,3,245,5,-2,0
29,15,111,7,5,211,6,-2,-1
29,16,171,5,5,271,5,0,0
29,17,176,6,4,276,6,-2,0
29,18,161,7,5,261,7,-2,0
29,19,18,7,4,28,7,-3,0
29,2,133,6,0,233,6,-6,0
29,20,137,6,3,237,7,-3,1
29,21,153,6,4,253,5,-2,-1
29,22,146,5,8,246,4,3,-1
29,23,17,7,7,27,6,0,-1
29,24,168,6,6,268,7,0,1
29,25,126,6,8,226,5,2,-1
29,26,156,6,4,256,6,-2,0
29,27,177,6,4,277,6,-2,0
29,28,144,6,6,244,6,0,0
29,29,122,7,5,222,7,-2,0
29,3,19,6,0,29,5,-6,-1
29,30,162,7,7,262,7,0,0
29,31,134,6,6,234,6,0,0
29,32,150,6,6,250,6,0,0
29,33,164,5,5,264,5,0,0
29,34,166,6,6,266,6,0,0
29,35,174,6,3,274,6,-3,0
29,36,110,6,3,210,5,-3,-1
29,37,130,6,3,230,6,-3,0
29,38,139,5,5,239,5,0,0
29,39,152,7,7,252,7,0,0
29,4,128,6,8,228,6,2,0
29,40,167,7,4,267,7,-3,0
29,41,11,6,0,21,6,-6,0
29,42,172,4,1,272,4,-3,0
29,43,116,5,3,216,6,-2,1
29,44,115,5,3,215,5,-2,0
29,45,16,6,6,26,6,0,0
29,46,123,6,4,223,6,-2,0
29,47,113,7,7,213,7,0,0
29,48,170,5,2,270,6,-3,1
29,49,135,5,2,235,5,-3,0
29,5,179,7,5,279,7,-2,0
29,50,13,7,4,23,6,-3,-1
29,51,14,6,8,24,5,2,-1
29,52,118,5,8,218,6,3,1
29,53,155,7,4,255,7,-3,0
29,54,127,6,8,227,6,2,0
29,55,131,6,8,231,7,2,1
29,56,154,7,5,254,7,-2,0
29,57,160,5,5,260,5,0,0
29,58,121,6,6,221,6,0,0
29,59,136,6,6,236,7,0,1
29,6,158,6,6,258,5,0,-1
29,60,143,6,3,243,6,-3,0
29,61,165,5,0,265,6,-5,1
29,62,142,6,3,242,6,-3,0
29,63,159,7,4,259,7,-3,0
29,64,175,6,8,275,7,2,1
29,65,124,6,4,224,6,-2,0
29,66,12,7,4,22,6,-3,-1
29,67,132,7,4,232,7,-3,0
29,68,149,6,0,249,5,-6,-1
29,69,141,7,0,241,7,-7,0
29,7,15,6,8,25,6,2,0
29,70,178,6,8,278,6,2,0
29,71,112,7,7,212,7,0,0
29,72,117,7,0,217,7,-7,0
29,73,180,4,1,280,4,-3,0
29,74,138,6,3,238,7,-3,1
29,75,140,6,3,240,6,-3,0
29,76,157,6,0,257,6,-6,0
29,77,151,7,7,251,7,0,0
29,78,129,5,5,229,4,0,-1
29,79,169,6,3,269,7,-3,1
29,8,119,5,7,219,6,2,1
29,80,173,5,0,273,6,-5,1
29,81,120,6,3,220,6,-3,0
29,9,163,5,3,263,5,-2,0
3,10,112,6,3,212,6,-3,0
3,11,146,2,5,246,2,3,0
3,12,150,2,4,250,2,2,0
3,13,157,2,0,257,2,-2,0
3,14,131,5,5,231,3,0,-2
3,15,159,3,3,259,4,0,1
3,16,178,2,5,278,3,3,1
3,17,122,4,1,222,4,-3,0
3,18,144,5,5,244,5,0,0
3,19,120,3,5,220,4,2,1
3,2,156,2,2,256,2,0,0
3,20,174,3,5,274,3,2,0
3,21,151,3,3,251,4,0,1
3,22,139,2,5,239,2,3,0
3,23,113,4,2,213,3,-2,-1
3,24,134,4,1,234,3,-3,-1
3,25,118,3,3,218,2,0,-1
3,26,127,5,7,227,6,2,1
3,27,142,4,2,242,4,-2,0
3,28,158,3,6,258,6,3,3
3,29,119,4,2,219,5,-2,1
3,3,125,5,0,225,2,-5,-3
3,30,14,5,3,24,3,-2,-2
3,31,160,3,6,260,4,3,1
3,32,155,3,5,255,6,2,3
3,33,169,4,4,269,5,0,1
3,34,117,3,0,217,2,-3,-1
3,35,132,3,3,232,3,0,0
3,36,121,2,2,221,3,0,1
3,37,153,3,1,253,5,-2,2
3,38,170,2,5,270,3,3,1
3,39,111,3,6,211,2,3,-1
3,4,13,6,4,23,5,-2,-1
3,40,19,5,0,29,4,-5,-1
3,41,130,3,6,230,3,3,0
3,42,176,3,1,276,3,-2,0
3,43,152,2,4,252,5,2,3
3,44,145,4,4,245,3,0,-1
3,45,136,2,4,236,2,2,0
3,46,133,5,0,233,3,-5,-2
3,47,177,5,5,277,6,0,1
3,48,115,2,2,215,2,0,0
3,49,168,4,7,268,3,3,-1
3,5,148,5,3,248,5,-2,0
3,50,180,2,5,280,3,3,1
3,51,140,3,6,240,4,3,1
3,52,143,3,6,243,3,3,0
3,53,162,3,1,262,2,-2,-1
3,54,171,2,4,271,3,2,1
3,55,126,4,1,226,4,-3,0
3,56,154,5,2,254,6,-3,1
3,57,147,3,1,247,3,-2,0
3,58,124,3,3,224,2,0,-1
3,59,116,6,4,216,5,-2,-1
3,6,114,3,3,214,3,0,0
3,60,138,3,5,238,3,2,0
3,61,137,2,2,237,2,0,0
3,62,141,2,0,241,2,-2,0
3,63,163,5,3,263,5,-2,0
3,64,164,5,2,264,3,-3,-2
3,65,12,5,2,22,4,-3,-1
3,66,11,5,0,21,3,-5,-2
3,67,175,5,7,275,6,2,1
3,68,166,2,5,266,3,3,1
3,69,179,3,6,279,4,3,1
3,7,173,3,0,273,5,-3,2
3,70,165,3,0,265,5,-3,2
3,71,123,4,1,223,4,-3,0
3,72,110,2,4,210,2,2,0
3,73,172,1,4,272,1,3,0
3,74,129,6,4,229,7,-2,1
3,75,16,3,5,26,2,2,-1
3,76,15,4,4,25,3,0,-1
3,77,167,2,5,267,3,3,1
3,78,17,2,4,27,2,2,0
3,79,161,5,8,261,6,3,1
3,8,149,2,0,249,2,-2,0
3,80,18,5,3,28,4,-2,-1
3,81,135,3,1,235,3,-2,0
3,9,128,2,2,228,2,0,0
30,10,135,5,8,235,5,3,0
30,11,142,6,6,242,5,0,-1
30,12,176,3,3,276,4,0,1
30,13,113,4,6,213,3,2,-1
30,14,178,4,4,278,3,0,-1
30,15,127,8,6,227,3,-2,-5
30,16,124,4,1,224,6,-3,2
30,17,161,3,6,261,7,3,4
30,18,139,6,8,239,6,2,0
30,19,174,7,4,274,6,-3,-1
30,2,120,8,5,220,8,-3,0
30,20,121,5,2,221,5,-3,0
30,21,144,5,5,244,5,0,0
30,22,149,8,0,249,6,-8,-2
30,23,152,8,6,252,7,-2,-1
30,24,164,5,8,264,6,3,1
30,25,169,4,2,269,4,-2,0
30,26,158,5,3,258,7,-2,2
30,27,128,7,7,228,7,0,0
30,28,154,7,4,254,6,-3,-1
30,29,166,8,8,266,6,0,-2
30,3,138,6,8,238,6,2,0
30,30,177,5,8,277,7,3,2
30,31,134,4,4,234,8,0,4
30,32,118,5,3,218,5,-2,0
30,33,14,6,4,24,6,-2,0
30,34,162,6,3,262,5,-3,-1
30,35,160,7,5,260,5,-2,-2
30,36,157,3,0,257,6,-3,3
30,37,133,8,0,233,8,-8,0
30,38,173,3,0,273,3,-3,0
30,39,122,4,7,222,4,3,0
30,4,159,6,6,259,4,0,-2
30,40,145,6,4,245,4,-2,-2
30,41,156,3,3,256,3,0,0
30,42,19,6,0,29,4,-6,-2
30,43,163,4,7,263,6,3,2
30,44,15,3,1,25,3,-2,0
30,45,175,5,2,275,6,-3,1
30,46,155,3,3,255,3,0,0
30,47,170,8,8,270,8,0,0
30,48,16,1,3,26,1,2,0
30,49,17,6,4,27,5,-2,-1
30,5,126,7,4,226,5,-3,-2
30,50,11,5,0,21,5,-5,0
30,51,18,4,7,28,3,3,-1
30,52,141,4,0,241,6,-4,2
30,53,130,4,6,230,5,2,1
30,54,112,8,5,212,8,-3,0
30,55,114,7,7,214,4,0,-3
30,56,115,8,6,215,7,-2,-1
30,57,117,5,0,217,3,-5,-2
30,58,179,6,8,279,4,2,-2
30,59,140,8,8,240,8,0,0
30,6,131,5,7,231,5,2,0
30,60,13,5,8,23,5,3,0
30,61,125,6,0,225,4,-6,-2
30,62,110,3,1,210,3,-2,0
30,63,116,7,4,216,8,-3,1
30,64,153,6,4,253,6,-2,0
30,65,150,8,5,250,6,-3,-2
30,66,151,7,7,251,3,0,-4
30,67,123,3,1,223,6,-2,3
30,68,180,4,6,280,3,2,-1
30,69,168,2,5,268,3,3,1
30,7,147,6,8,247,4,2,-2
30,70,132,7,7,232,7,0,0
30,71,148,6,3,248,6,-3,0
30,72,143,8,8,243,8,0,0
30,73,137,4,2,237,2,-2,-2
30,74,129,5,7,229,6,2,1
30,75,171,5,3,271,2,-2,-3
30,76,165,5,0,265,4,-5,-1
30,77,146,2,4,246,2,2,0
30,78,136,2,4,236,1,2,-1
30,79,12,6,4,22,6,-2,0
30,8,119,6,3,219,6,-3,0
30,80,172,4,4,272,6,0,2
30,81,111,8,8,211,7,0,-1
30,9,167,6,6,267,4,0,-2
31,10,129,6,3,229,5,-3,-1
31,11,122,5,3,222,4,-2,-1
31,12,137,4,1,237,4,-3,0
31,13,135,3,3,235,2,0,-1
31,14,18,5,5,28,4,0,-1
31,15,119,5,8,219,4,3,-1
31,16,15,5,5,25,4,0,-1
31,17,12,5,2,22,6,-3,1
31,18,167,5,7,267,3,2,-2
31,19,162,4,4,262,5,0,1
31,2,113,5,2,213,5,-3,0
31,20,127,6,8,227,6,2,0
31,21,11,4,0,21,4,-4,0
31,22,13,4,1,23,4,-3,0
31,23,147,4,2,247,4,-2,0
31,24,115,5,5,215,7,0,2
31,25,125,4,0,225,4,-4,0
31,26,179,6,8,279,6,2,0
31,27,16,5,3,26,5,-2,0
31,28,120,5,8,220,5,3,0
31,29,159,4,4,259,6,0,2
31,3,112,6,6,212,4,0,-2
31,30,149,4,0,249,5,-4,1
31,31,140,5,7,240,5,2,0
31,32,138,3,3,238,3,0,0
31,33,151,5,3,251,5,-2,0
31,34,126,4,1,226,4,-3,0
31,35,123,5,8,223,6,3,1
31,36,166,4,7,266,3,3,-1
31,37,171,7,5,271,7,-2,0
31,38,134,3,5,234,2,2,-1
31,39,14,5,2,24,4,-3,-1
31,4,161,5,7,261,5,2,0
31,40,169,5,7,269,4,2,-1
31,41,155,4,2,255,4,-2,0
31,42,160,3,3,260,4,0,1
31,43,153,5,2,253,7,-3,2
31,44,170,5,7,270,4,2,-1
31,45,114,5,8,214,6,3,1
31,46,144,4,1,244,5,-3,1
31,47,133,7,0,233,6,-7,-1
31,48,116,4,7,216,6,3,2
31,49,145,3,1,245,4,-2,1
31,5,175,5,8,275,4,3,-1
31,50,165,5,0,265,5,-5,0
31,51,172,6,6,272,6,0,0
31,52,178,4,4,278,3,0,-1
31,53,142,4,7,242,4,3,0
31,54,110,3,1,210,3,-2,0
31,55,152,4,6,252,5,2,1
31,56,164,6,6,264,7,0,1
31,57,141,3,0,241,4,-3,1
31,58,177,3,5,277,2,2,-1
31,59,118,7,7,218,6,0,-1
31,6,111,4,6,211,3,2,-1
31,60,124,5,8,224,4,3,-1
31,61,157,3,0,257,3,-3,0
31,62,19,4,0,29,4,-4,0
31,63,143,5,5,243,5,0,0
31,64,174,6,8,274,5,2,-1
31,65,131,5,3,231,6,-2,1
31,66,156,4,7,256,6,3,2
31,67,158,4,7,258,6,3,2
31,68,117,4,0,217,4,-4,0
31,69,146,4,6,246,4,2,0
31,7,128,4,4,228,4,0,0
31,70,148,4,4,248,4,0,0
31,71,168,6,4,268,6,-2,0
31,72,139,5,7,239,5,2,0
31,73,121,3,3,221,2,0,-1
31,74,180,5,3,280,5,-2,0
31,75,132,4,1,232,5,-3,1
31,76,163,5,3,263,7,-2,2
31,77,173,6,0,273,4,-6,-2
31,78,154,3,3,254,3,0,0
31,79,136,6,8,236,6,2,0
31,8,176,5,3,276,3,-2,-2
31,80,17,6,4,27,5,-2,-1
31,81,130,6,8,230,7,2,1
31,9,150,4,6,250,5,2,1
32,10,164,4,2,264,6,-2,2
32,11,123,3,3,223,5,0,2
32,12,145,5,2,245,5,-3,0
32,13,153,1,4,253,4,3,3
32,14,111,1,1,211,1,0,0
32,15,163,5,2,263,4,-3,-1
32,16,17,5,5,27,3,0,-2
32,17,178,7,4,278,6,-3,-1
32,18,13,7,7,23,8,0,1
32,19,157,7,0,257,7,-7,0
32,2,175,6,6,275,6,0,0
32,20,128,8,5,228,8,-3,0
32,21,134,4,7,234,2,3,-2
32,22,140,2,2,240,2,0,0
32,23,171,4,1,271,4,-3,0
32,24,122,7,7,222,5,0,-2
32,25,162,3,5,262,3,2,0
32,26,114,6,4,214,5,-2,-1
32,27,167,6,8,267,5,2,-1
32,28,19,6,0,29,5,-6,-1
32,29,165,7,0,265,7,-7,0
32,3,179,4,2,279,3,-2,-1
32,30,160,3,3,260,2,0,-1
32,31,120,2,5,220,3,3,1
32,32,117,3,0,217,2,-3,-1
32,33,115,3,1,215,4,-2,1
32,34,174,3,3,274,3,0,0
32,35,118,7,5,218,8,-2,1
32,36,148,4,4,248,3,0,-1
32,37,155,6,4,255,6,-2,0
32,38,180,3,1,280,3,-2,0
32,39,124,3,6,224,3,3,0
32,4,169,4,7,269,4,3,0
32,40,119,8,8,219,6,0,-2
32,41,142,3,3,242,3,0,0
32,42,149,2,0,249,2,-2,0
32,43,131,5,3,231,3,-2,-2
32,44,113,3,5,213,3,2,0
32,45,143,4,4,243,5,0,1
32,46,141,4,0,241,3,-4,-1
32,47,18,6,4,28,7,-2,1
32,48,125,3,0,225,3,-3,0
32,49,136,3,6,236,4,3,1
32,5,132,7,5,232,7,-2,0
32,50,151,5,3,251,4,-2,-1
32,51,110,3,6,210,1,3,-2
32,52,147,2,4,247,1,2,-1
32,53,144,2,5,244,4,3,2
32,54,11,4,0,21,3,-4,-1
32,55,130,4,7,230,5,3,1
32,56,127,5,8,227,6,3,1
32,57,138,7,4,238,7,-3,0
32,58,116,4,1,216,5,-3,1
32,59,168,6,4,268,6,-2,0
32,6,170,6,4,270,5,-2,-1
32,60,135,5,8,235,4,3,-1
32,61,12,5,3,22,5,-2,0
32,62,126,1,1,226,1,0,0
32,63,112,6,8,212,4,2,-2
32,64,14,3,1,24,3,-2,0
32,65,133,4,0,233,3,-4,-1
32,66,176,6,6,276,5,0,-1
32,67,173,6,0,273,5,-6,-1
32,68,152,4,6,252,3,2,-1
32,69,172,4,2,272,4,-2,0
32,7,166,3,3,266,3,0,0
32,70,158,6,3,258,6,-3,0
32,71,15,6,6,25,5,0,-1
32,72,177,5,5,277,5,0,0
32,73,16,1,1,26,1,0,0
32,74,146,7,4,246,7,-3,0
32,75,137,4,4,237,2,0,-2
32,76,129,4,1,229,6,-3,2
32,77,154,3,6,254,4,3,1
32,78,150,4,7,250,2,3,-2
32,79,121,4,2,221,4,-2,0
32,8,156,5,8,256,4,3,-1
32,80,159,5,8,259,3,3,-2
32,81,161,3,1,261,2,-2,-1
32,9,139,5,5,239,7,0,2
34,10,179,6,4,279,4,-2,-2
34,11,145,5,7,245,5,2,0
34,12,148,4,1,248,3,-3,-1
34,13,149,2,0,249,2,-2,0
34,14,113,3,3,213,4,0,1
34,15,161,5,5,261,3,0,-2
34,16,165,3,0,265,3,-3,0
34,17,157,4,0,257,4,-4,0
34,18,15,5,3,25,5,-2,0
34,19,115,5,8,215,5,3,0
34,2,175,4,7,275,3,3,-1
34,20,166,6,6,266,5,0,-1
34,21,159,4,7,259,3,3,-1
34,22,111,2,5,211,3,3,1
34,23,153,6,6,253,4,0,-2
34,24,169,5,5,269,5,0,0
34,25,154,3,6,254,4,3,1
34,26,18,6,3,28,6,-3,0
34,27,127,5,2,227,3,-3,-2
34,28,137,5,3,237,5,-2,0
34,29,147,6,6,247,6,0,0
34,3,11,3,0,21,3,-3,0
34,30,16,6,4,26,6,-2,0
34,31,163,5,2,263,5,-3,0
34,32,177,6,8,277,4,2,-2
34,33,141,6,0,241,4,-6,-2
34,34,118,5,5,218,3,0,-2
34,35,130,5,3,230,4,-2,-1
34,36,176,5,8,276,3,3,-2
34,37,123,3,5,223,4,2,1
34,38,131,2,5,231,1,3,-1
34,39,122,3,1,222,3,-2,0
34,4,174,6,3,274,5,-3,-1
34,40,167,6,8,267,6,2,0
34,41,129,4,1,229,4,-3,0
34,42,151,3,3,251,2,0,-1
34,43,124,3,1,224,5,-2,2
34,44,162,3,5,262,3,2,0
34,45,171,4,2,271,3,-2,-1
34,46,156,5,3,256,5,-2,0
34,47,150,5,7,250,4,2,-1
34,48,178,3,5,278,3,2,0
34,49,146,3,6,246,4,3,1
34,5,14,6,3,24,6,-3,0
34,50,173,5,0,273,4,-5,-1
34,51,144,2,2,244,2,0,0
34,52,172,3,6,272,3,3,0
34,53,138,4,7,238,3,3,-1
34,54,119,4,6,219,5,2,1
34,55,13,6,3,23,5,-3,-1
34,56,136,6,3,236,5,-3,-1
34,57,110,3,5,210,5,2,2
34,58,142,5,5,242,4,0,-1
34,59,160,5,3,260,4,-2,-1
34,6,140,3,1,240,2,-2,-1
34,60,143,6,6,243,4,0,-2
34,61,114,4,4,214,6,0,2
34,62,139,2,5,239,1,3,-1
34,63,132,6,8,232,5,2,-1
34,64,12,4,7,22,3,3,-1
34,65,117,4,0,217,5,-4,1
34,66,116,3,6,216,3,3,0
34,67,133,6,0,233,4,-6,-2
34,68,170,4,6,270,3,2,-1
34,69,126,3,6,226,3,3,0
34,7,134,3,1,234,3,-2,0
34,70,125,4,0,225,5,-4,1
34,71,19,4,0,29,3,-4,-1
34,72,155,3,1,255,3,-2,0
34,73,158,2,2,258,1,0,-1
34,74,121,6,3,221,4,-3,-2
34,75,112,3,6,212,3,3,0
34,76,168,3,6,268,3,3,0
34,77,17,4,6,27,4,2,0
34,78,128,2,4,228,1,2,-1
34,79,180,6,6,280,6,0,0
34,8,152,2,5,252,3,3,1
34,80,120,3,1,220,3,-2,0
34,81,164,4,7,264,4,3,0
34,9,135,3,3,235,2,0,-1
35,10,147,5,8,247,2,3,-3
35,11,17,6,8,27,5,2,-1
35,12,163,2,5,263,2,3,0
35,13,175,4,2,275,4,-2,0
35,14,160,3,1,260,3,-2,0
35,15,129,5,2,229,5,-3,0
35,16,141,5,0,241,5,-5,0
35,17,164,2,5,264,2,3,0
35,18,157,1,0,257,1,-1,0
35,19,127,5,5,227,2,0,-3
35,2,165,5,0,265,4,-5,-1
35,20,130,6,3,230,6,-3,0
35,21,178,3,3,278,2,0,-1
35,22,153,4,1,253,2,-3,-2
35,23,172,5,2,272,4,-3,-1
35,24,136,5,7,236,7,2,2
35,25,112,3,6,212,6,3,3
35,26,168,5,2,268,7,-3,2
35,27,149,3,0,249,2,-3,-1
35,28,158,4,1,258,3,-3,-1
35,29,125,5,0,225,4,-5,-1
35,3,173,4,0,273,4,-4,0
35,30,115,5,8,215,3,3,-2
35,31,151,3,1,251,4,-2,1
35,32,118,7,5,218,5,-2,-2
35,33,170,5,5,270,5,0,0
35,34,12,4,1,22,2,-3,-2
35,35,132,6,4,232,7,-2,1
35,36,121,5,8,221,4,3,-1
35,37,159,4,6,259,5,2,1
35,38,144,3,1,244,1,-2,-2
35,39,110,4,7,210,4,3,0
35,4,179,6,8,279,4,2,-2
35,40,134,5,2,234,5,-3,0
35,41,123,5,5,223,3,0,-2
35,42,16,5,3,26,4,-2,-1
35,43,113,7,4,213,5,-3,-2
35,44,152,3,5,252,3,2,0
35,45,19,6,0,29,3,-6,-3
35,46,180,4,6,280,3,2,-1
35,47,169,4,7,269,7,3,3
35,48,142,6,8,242,6,2,0
35,49,167,5,3,267,5,-2,0
35,5,156,4,2,256,2,-2,-2
35,50,140,5,3,240,6,-2,1
35,51,143,4,4,243,2,0,-2
35,52,126,4,1,226,3,-3,-1
35,53,116,4,2,216,2,-2,-2
35,54,131,3,5,231,6,2,3
35,55,128,3,5,228,4,2,1
35,56,171,6,6,271,7,0,1
35,57,146,6,4,246,4,-2,-2
35,58,162,4,1,262,4,-3,0
35,59,176,5,8,276,6,3,1
35,6,18,3,1,28,4,-2,1
35,60,133,4,0,233,4,-4,0
35,61,148,6,4,248,4,-2,-2
35,62,117,3,0,217,3,-3,0
35,63,124,7,7,224,5,0,-2
35,64,166,7,4,266,6,-3,-1
35,65,154,4,7,254,3,3,-1
35,66,138,3,1,238,1,-2,-2
35,67,11,5,0,21,3,-5,-2
35,68,161,2,5,261,2,3,0
35,69,139,4,1,239,4,-3,0
35,7,111,4,7,211,3,3,-1
35,70,120,6,8,220,2,2,-4
35,71,150,5,7,250,5,2,0
35,72,13,2,5,23,4,3,2
35,73,119,2,4,219,2,2,0
35,74,122,3,5,222,5,2,2
35,75,14,4,2,24,2,-2,-2
35,76,145,6,3,245,6,-3,0
35,77,135,3,3,235,3,0,0
35,78,137,3,6,237,2,3,-1
35,79,114,6,6,214,5,0,-1
35,8,15,1,1,25,2,0,1
35,80,174,2,5,274,4,3,2
35,81,155,3,1,255,4,-2,1
35,9,177,3,6,277,4,3,1
36,10,137,5,3,237,4,-2,-1
36,11,131,6,8,231,4,2,-2
36,12,143,4,6,243,3,2,-1
36,13,129,3,5,229,2,2,-1
36,14,152,2,2,252,2,0,0
36,15,149,4,0,249,3,-4,-1
36,16,110,4,6,210,3,2,-1
36,17,141,3,0,241,2,-3,-1
36,18,175,7,5,275,6,-2,-1
36,19,144,3,1,244,2,-2,-1
36,2,114,4,6,214,3,2,-1
36,20,161,6,3,261,7,-3,1
36,21,123,4,1,223,2,-3,-2
36,22,171,3,1,271,2,-2,-1
36,23,162,5,5,262,6,0,1
36,24,122,7,7,222,5,0,-2
36,25,15,6,6,25,6,0,0
36,26,177,6,4,277,5,-2,-1
36,27,151,3,5,251,2,2,-1
36,28,112,6,8,212,5,2,-1
36,29,180,7,7,280,6,0,-1
36,3,179,5,2,279,5,-3,0
36,30,134,5,2,234,3,-3,-2
36,31,154,6,6,254,5,0,-1
36,32,170,4,1,270,3,-3,-1
36,33,126,3,1,226,3,-2,0
36,34,118,5,8,218,5,3,0
36,35,14,6,8,24,7,2,1
36,36,153,2,4,253,4,2,2
36,37,133,6,0,233,5,-6,-1
36,38,115,3,6,215,1,3,-2
36,39,117,5,0,217,3,-5,-2
36,4,120,6,6,220,6,0,0
36,40,173,4,0,273,6,-4,2
36,41,136,7,7,236,8,0,1
36,42,127,2,4,227,3,2,1
36,43,16,7,5,26,5,-2,-2
36,44,155,5,3,255,4,-2,-1
36,45,18,5,8,28,3,3,-2
36,46,116,5,8,216,4,3,-1
36,47,150,7,4,250,7,-3,0
36,48,140,4,2,240,3,-2,-1
36,49,160,3,5,260,3,2,0
36,5,159,4,6,259,3,2,-1
36,50,135,8,6,235,7,-2,-1
36,51,13,4,4,23,2,0,-2
36,52,130,5,2,230,4,-3,-1
36,53,156,2,2,256,1,0,-1
36,54,145,2,5,245,3,3,1
36,55,163,3,6,263,4,3,1
36,56,142,8,6,242,7,-2,-1
36,57,172,3,1,272,3,-2,0
36,58,174,3,6,274,4,3,1
36,59,138,6,3,238,5,-3,-1
36,6,158,2,2,258,3,0,1
36,60,178,2,4,278,3,2,1
36,61,167,5,3,267,4,-2,-1
36,62,169,1,1,269,1,0,0
36,63,11,6,0,21,4,-6,-2
36,64,165,3,0,265,2,-3,-1
36,65,119,5,5,219,3,0,-2
36,66,147,3,1,247,3,-2,0
36,67,19,6,0,29,6,-6,0
36,68,12,7,5,22,5,-2,-2
36,69,17,6,8,27,4,2,-2
36,7,121,6,6,221,3,0,-3
36,70,148,4,6,248,4,2,0
36,71,146,5,3,246,6,-2,1
36,72,111,5,3,211,5,-2,0
36,73,139,2,5,239,2,3,0
36,74,168,5,7,268,3,2,-2
36,75,125,6,0,225,5,-6,-1
36,76,128,7,4,228,8,-3,1
36,77,157,3,0,257,3,-3,0
36,78,132,5,2,232,5,-3,0
36,79,113,7,5,213,7,-2,0
36,8,164,4,4,264,3,0,-1
36,80,166,3,1,266,3,-2,0
36,81,176,5,5,276,6,0,1
36,9,124,5,3,224,4,-2,-1
37,10,119,4,6,219,4,2,0
37,11,171,5,8,271,5,3,0
37,12,120,4,1,220,5,-3,1
37,13,166,3,5,266,3,2,0
37,14,13,5,3,23,3,-2,-2
37,15,110,3,5,210,5,2,2
37,16,154,4,2,254,4,-2,0
37,17,173,4,0,273,4,-4,0
37,18,14,4,6,24,4,2,0
37,19,160,5,3,260,5,-2,0
37,2,127,6,8,227,6,2,0
37,20,18,6,8,28,6,2,0
37,21,122,4,2,222,4,-2,0
37,22,150,2,2,250,4,0,2
37,23,128,7,4,228,5,-3,-2
37,24,17,5,8,27,5,3,0
37,25,15,3,1,25,3,-2,0
37,26,177,5,3,277,3,-2,-2
37,27,125,3,0,225,4,-3,1
37,28,179,4,7,279,3,3,-1
37,29,111,7,4,211,7,-3,0
37,3,172,6,8,272,4,2,-2
37,30,117,3,0,217,3,-3,0
37,31,146,5,8,246,6,3,1
37,32,130,6,6,230,5,0,-1
37,33,133,5,0,233,5,-5,0
37,34,161,4,7,261,4,3,0
37,35,167,6,8,267,5,2,-1
37,36,157,4,0,257,3,-4,-1
37,37,159,7,5,259,6,-2,-1
37,38,178,2,4,278,4,2,2
37,39,141,5,0,241,3,-5,-2
37,4,168,6,6,268,5,0,-1
37,40,138,5,7,238,4,2,-1
37,41,139,7,4,239,6,-3,-1
37,42,131,5,2,231,2,-3,-3
37,43,143,7,5,243,4,-2,-3
37,44,176,4,6,276,4,2,0
37,45,132,5,5,232,6,0,1
37,46,112,4,2,212,6,-2,2
37,47,175,6,3,275,6,-3,0
37,48,152,2,5,252,4,3,2
37,49,156,3,1,256,4,-2,1
37,5,164,5,8,264,5,3,0
37,50,155,3,3,255,5,0,2
37,51,126,3,1,226,2,-2,-1
37,52,180,3,3,280,2,0,-1
37,53,163,6,3,263,6,-3,0
37,54,129,4,6,229,4,2,0
37,55,174,6,6,274,5,0,-1
37,56,165,7,0,265,6,-7,-1
37,57,170,3,5,270,3,2,0
37,58,116,1,4,216,3,3,2
37,59,162,6,4,262,7,-2,1
37,6,137,5,2,237,3,-3,-2
37,60,149,6,0,249,5,-6,-1
37,61,16,2,2,26,2,0,0
37,62,153,3,3,253,5,0,2
37,63,11,6,0,21,6,-6,0
37,64,115,4,2,215,5,-2,1
37,65,118,6,4,218,5,-2,-1
37,66,158,6,8,258,4,2,-2
37,67,144,6,8,244,6,2,0
37,68,12,4,4,22,2,0,-2
37,69,142,7,4,242,5,-3,-2
37,7,148,6,8,248,4,2,-2
37,70,114,4,4,214,4,0,0
37,71,124,6,8,224,7,2,1
37,72,145,7,4,245,7,-3,0
37,73,121,2,2,221,3,0,1
37,74,19,7,0,29,7,-7,0
37,75,123,7,5,223,7,-2,0
37,76,134,6,8,234,5,2,-1
37,77,136,5,7,236,4,2,-1
37,78,151,2,2,251,3,0,1
37,79,147,5,2,247,4,-3,-1
37,8,140,5,3,240,5,-2,0
37,80,113,3,1,213,3,-2,0
37,81,135,6,3,235,3,-3,-3
37,9,169,4,2,269,4,-2,0
38,10,136,8,8,236,8,0,0
38,11,159,7,5,259,7,-2,0
38,12,126,7,7,226,7,0,0
38,13,158,7,4,258,7,-3,0
38,14,120,6,3,220,6,-3,0
38,15,173,8,0,273,6,-8,-2
38,16,125,7,0,225,7,-7,0
38,17,19,8,0,29,8,-8,0
38,18,139,7,7,239,7,0,0
38,19,143,7,4,243,6,-3,-1
38,2,160,6,6,260,7,0,1
38,20,12,7,4,22,8,-3,1
38,21,117,7,0,217,6,-7,-1
38,22,13,8,6,23,7,-2,-1
38,23,141,8,0,241,8,-8,0
38,24,137,8,8,237,8,0,0
38,25,127,7,7,227,7,0,0
38,26,176,8,6,276,7,-2,-1
38,27,153,7,4,253,6,-3,-1
38,28,146,8,8,246,7,0,-1
38,29,16,8,6,26,8,-2,0
38,3,155,7,7,255,7,0,0
38,30,111,7,4,211,6,-3,-1
38,31,132,6,6,232,5,0,-1
38,32,138,6,3,238,7,-3,1
38,33,166,8,8,266,8,0,0
38,34,140,7,5,240,7,-2,0
38,35,180,8,5,280,7,-3,-1
38,36,124,7,5,224,6,-2,-1
38,37,174,7,7,274,6,0,-1
38,38,113,7,5,213,6,-2,-1
38,39,172,7,4,272,5,-3,-2
38,4,169,7,7,269,6,0,-1
38,40,114,7,7,214,7,0,0
38,41,110,8,5,210,8,-3,0
38,42,164,7,4,264,7,-3,0
38,43,151,7,5,251,8,-2,1
38,44,118,8,8,218,7,0,-1
38,45,149,8,0,249,7,-8,-1
38,46,162,7,4,262,6,-3,-1
38,47,171,8,5,271,7,-3,-1
38,48,167,8,6,267,7,-2,-1
38,49,123,7,7,223,6,0,-1
38,5,11,8,0,21,8,-8,0
38,50,14,7,4,24,7,-3,0
38,51,15,8,6,25,6,-2,-2
38,52,115,7,5,215,7,-2,0
38,53,112,7,5,212,7,-2,0
38,54,122,7,7,222,6,0,-1
38,55,134,7,5,234,7,-2,0
38,56,128,8,5,228,8,-3,0
38,57,145,7,7,245,5,0,-2
38,58,154,6,4,254,6,-2,0
38,59,156,8,5,256,8,-3,0
38,6,142,6,8,242,7,2,1
38,60,150,7,5,250,6,-2,-1
38,61,148,8,6,248,7,-2,-1
38,62,130,5,5,230,5,0,0
38,63,170,8,8,270,8,0,0
38,64,121,7,7,221,6,0,-1
38,65,152,7,7,252,7,0,0
38,66,144,6,8,244,5,2,-1
38,67,165,8,0,265,7,-8,-1
38,68,17,7,7,27,6,0,-1
38,69,178,6,4,278,6,-2,0
38,7,129,7,4,229,7,-3,0
38,70,18,8,6,28,8,-2,0
38,71,177,7,7,277,6,0,-1
38,72,157,8,0,257,7,-8,-1
38,73,147,6,8,247,5,2,-1
38,74,119,7,4,219,7,-3,0
38,75,131,6,3,231,5,-3,-1
38,76,175,8,8,275,7,0,-1
38,77,135,8,5,235,8,-3,0
38,78,168,6,6,268,5,0,-1
38,79,116,7,5,216,8,-2,1
38,8,161,8,6,261,7,-2,-1
38,80,179,7,5,279,7,-2,0
38,81,163,6,4,263,6,-2,0
38,9,133,6,0,233,6,-6,0
39,10,12,4,4,22,7,0,3
39,11,148,6,6,248,6,0,0
39,12,126,4,1,226,3,-3,-1
39,13,142,1,3,242,3,2,2
39,14,116,4,4,216,3,0,-1
39,15,174,5,2,274,3,-3,-2
39,16,18,7,7,28,6,0,-1
39,17,166,5,7,266,7,2,2
39,18,173,4,0,273,3,-4,-1
39,19,120,7,7,220,7,0,0
39,2,158,7,4,258,7,-3,0
39,20,163,6,6,263,3,0,-3
39,21,155,3,6,255,3,3,0
39,22,164,5,3,264,3,-2,-2
39,23,149,5,0,249,3,-5,-2
39,24,169,1,1,269,3,0,2
39,25,134,5,5,234,2,0,-3
39,26,140,5,7,240,5,2,0
39,27,128,4,2,228,7,-2,3
39,28,156,6,3,256,6,-3,0
39,29,111,8,5,211,7,-3,-1
39,3,170,3,6,270,3,3,0
39,30,171,2,2,271,2,0,0
39,31,137,4,1,237,5,-3,1
39,32,154,5,7,254,2,2,-3
39,33,127,6,3,227,6,-3,0
39,34,130,4,2,230,3,-2,-1
39,35,131,7,4,231,7,-3,0
39,36,151,2,4,251,3,2,1
39,37,122,6,8,222,7,2,1
39,38,159,1,4,259,4,3,3
39,39,145,7,4,245,3,-3,-4
39,4,179,3,1,279,2,-2,-1
39,40,135,4,6,235,3,2,-1
39,41,121,3,5,221,3,2,0
39,42,115,3,3,215,3,0,0
39,43,11,6,0,21,5,-6,-1
39,44,167,3,1,267,3,-2,0
39,45,139,4,6,239,6,2,2
39,46,113,6,4,213,7,-2,1
39,47,157,8,0,257,8,-8,0
39,48,152,3,1,252,1,-2,-2
39,49,14,3,5,24,4,2,1
39,5,114,6,3,214,8,-3,2
39,50,161,5,2,261,6,-3,1
39,51,180,2,4,280,4,2,2
39,52,153,5,5,253,3,0,-2
39,53,162,1,3,262,1,2,0
39,54,138,1,3,238,6,2,5
39,55,132,3,5,232,7,2,4
39,56,110,8,6,210,4,-2,-4
39,57,112,4,1,212,4,-3,0
39,58,175,6,8,275,7,2,1
39,59,129,6,3,229,7,-3,1
39,6,17,5,5,27,5,0,0
39,60,136,5,3,236,4,-2,-1
39,61,117,2,0,217,2,-2,0
39,62,125,3,0,225,4,-3,1
39,63,178,8,8,278,8,0,0
39,64,144,6,8,244,8,2,2
39,65,150,4,6,250,5,2,1
39,66,147,3,6,247,4,3,1
39,67,119,6,3,219,2,-3,-4
39,68,177,3,1,277,6,-2,3
39,69,141,2,0,241,1,-2,-1
39,7,124,6,3,224,7,-3,1
39,70,15,6,3,25,5,-3,-1
39,71,118,5,8,218,6,3,1
39,72,176,6,3,276,7,-3,1
39,73,13,3,6,23,2,3,-1
39,74,16,6,8,26,6,2,0
39,75,19,6,0,29,3,-6,-3
39,76,143,6,3,243,5,-3,-1
39,77,123,2,5,223,2,3,0
39,78,133,5,0,233,1,-5,-4
39,79,146,3,6,246,4,3,1
39,8,172,5,8,272,5,3,0
39,80,168,1,1,268,2,0,1
39,81,165,1,0,265,3,-1,2
39,9,160,5,7,260,6,2,1
4,10,113,6,6,213,5,0,-1
4,11,136,5,3,236,5,-2,0
4,12,146,5,3,246,5,-2,0
4,13,120,5,5,220,5,0,0
4,14,19,4,0,29,5,-4,1
4,15,173,5,0,273,5,-5,0
4,16,152,5,3,252,5,-2,0
4,17,124,6,6,224,4,0,-2
4,18,130,5,7,230,5,2,0
4,19,14,6,4,24,5,-2,-1
4,2,119,5,2,219,5,-3,0
4,20,145,5,3,245,5,-2,0
4,21,177,5,3,277,5,-2,0
4,22,116,6,4,216,5,-2,-1
4,23,160,5,3,260,5,-2,0
4,24,153,5,5,253,5,0,0
4,25,121,5,7,221,5,2,0
4,26,161,5,2,261,5,-3,0
4,27,155,5,5,255,5,0,0
4,28,167,5,8,267,5,3,0
4,29,11,6,0,21,5,-6,-1
4,3,176,5,2,276,5,-3,0
4,30,114,5,8,214,5,3,0
4,31,156,5,7,256,5,2,0
4,32,16,5,2,26,5,-3,0
4,33,178,5,5,278,4,0,-1
4,34,166,5,3,266,5,-2,0
4,35,132,5,2,232,5,-3,0
4,36,111,5,7,211,5,2,0
4,37,117,6,0,217,5,-6,-1
4,38,170,3,1,270,5,-2,2
4,39,163,5,5,263,5,0,0
4,4,134,5,5,234,5,0,0
4,40,15,6,6,25,5,0,-1
4,41,171,5,5,271,5,0,0
4,42,169,4,1,269,3,-3,-1
4,43,174,5,3,274,5,-2,0
4,44,142,5,8,242,5,3,0
4,45,164,5,7,264,5,2,0
4,46,149,5,0,249,5,-5,0
4,47,143,5,3,243,5,-2,0
4,48,172,5,7,272,5,2,0
4,49,159,5,7,259,5,2,0
4,5,118,5,3,218,5,-2,0
4,50,165,5,0,265,5,-5,0
4,51,144,5,2,244,4,-3,-1
4,52,129,5,7,229,5,2,0
4,53,123,5,7,223,5,2,0
4,54,139,5,2,239,5,-3,0
4,55,175,5,8,275,5,3,0
4,56,162,5,5,262,5,0,0
4,57,110,5,8,210,5,3,0
4,58,125,5,0,225,6,-5,1
4,59,141,5,0,241,5,-5,0
4,6,179,4,4,279,4,0,0
4,60,18,6,3,28,5,-3,-1
4,61,137,5,2,237,5,-3,0
4,62,154,5,8,254,5,3,0
4,63,168,5,8,268,5,3,0
4,64,112,6,4,212,5,-2,-1
4,65,138,5,5,238,5,0,0
4,66,128,5,2,228,5,-3,0
4,67,150,5,8,250,5,3,0
4,68,157,5,0,257,4,-5,-1
4,69,131,6,6,231,5,0,-1
4,7,147,5,7,247,5,2,0
4,70,158,5,8,258,5,3,0
4,71,13,7,4,23,5,-3,-2
4,72,180,5,8,280,5,3,0
4,73,127,5,8,227,5,3,0
4,74,148,5,3,248,5,-2,0
4,75,122,6,8,222,5,2,-1
4,76,115,6,8,215,5,2,-1
4,77,17,5,3,27,5,-2,0
4,78,12,4,6,22,5,2,1
4,79,151,5,8,251,5,3,0
4,8,140,5,3,240,5,-2,0
4,80,133,5,0,233,5,-5,0
4,81,126,5,8,226,5,3,0
4,9,135,4,7,235,5,3,1
40,10,164,5,7,264,4,2,-1
40,11,131,4,6,231,2,2,-2
40,12,138,3,3,238,2,0,-1
40,13,168,2,5,268,1,3,-1
40,14,175,3,3,275,3,0,0
40,15,17,3,1,27,2,-2,-1
40,16,171,6,6,271,3,0,-3
40,17,130,5,8,230,5,3,0
40,18,14,5,7,24,6,2,1
40,19,113,6,3,213,5,-3,-1
40,2,11,6,0,21,3,-6,-3
40,20,178,7,4,278,7,-3,0
40,21,143,4,2,243,4,-2,0
40,22,129,4,1,229,1,-3,-3
40,23,146,4,2,246,4,-2,0
40,24,169,6,3,269,4,-3,-2
40,25,124,5,2,224,3,-3,-2
40,26,142,7,5,242,6,-2,-1
40,27,151,4,7,251,4,3,0
40,28,144,6,8,244,6,2,0
40,29,12,7,4,22,4,-3,-3
40,3,167,1,1,267,3,0,2
40,30,19,2,0,29,1,-2,-1
40,31,18,2,2,28,3,0,1
40,32,13,4,6,23,2,2,-2
40,33,110,4,7,210,5,3,1
40,34,152,5,7,252,3,2,-2
40,35,162,2,4,262,3,2,1
40,36,122,3,6,222,1,3,-2
40,37,132,6,3,232,7,-3,1
40,38,118,2,4,218,2,2,0
40,39,119,2,2,219,1,0,-1
40,4,173,4,0,273,4,-4,0
40,40,180,8,8,280,4,0,-4
40,41,176,4,2,276,5,-2,1
40,42,148,1,4,248,2,3,1
40,43,165,3,0,265,3,-3,0
40,44,160,4,4,260,3,0,-1
40,45,155,2,2,255,4,0,2
40,46,111,4,7,211,3,3,-1
40,47,121,5,3,221,5,-2,0
40,48,153,3,6,253,2,3,-1
40,49,141,4,0,241,3,-4,-1
40,5,114,5,2,214,3,-3,-2
40,50,115,4,6,215,2,2,-2
40,51,147,2,4,247,3,2,1
40,52,127,3,5,227,2,2,-1
40,53,116,3,3,216,1,0,-2
40,54,135,3,5,235,4,2,1
40,55,149,4,0,249,4,-4,0
40,56,16,6,6,26,5,0,-1
40,57,112,3,5,212,3,2,0
40,58,158,1,3,258,1,2,0
40,59,150,6,3,250,6,-3,0
40,6,117,1,0,217,1,-1,0
40,60,161,2,2,261,4,0,2
40,61,136,3,6,236,6,3,3
40,62,172,3,6,272,1,3,-2
40,63,120,6,6,220,6,0,0
40,64,145,3,5,245,4,2,1
40,65,154,3,1,254,5,-2,2
40,66,128,4,6,228,5,2,1
40,67,177,6,8,277,6,2,0
40,68,174,7,5,274,4,-2,-3
40,69,179,5,7,279,3,2,-2
40,7,133,2,0,233,2,-2,0
40,70,140,5,7,240,2,2,-3
40,71,159,6,4,259,2,-2,-4
40,72,126,5,7,226,3,2,-2
40,73,170,1,3,270,1,2,0
40,74,125,8,0,225,6,-8,-2
40,75,139,2,2,239,3,0,1
40,76,15,4,7,25,4,3,0
40,77,137,5,7,237,2,2,-3
40,78,134,1,3,234,1,2,0
40,79,123,7,5,223,6,-2,-1
40,8,163,1,1,263,4,0,3
40,80,157,4,0,257,2,-4,-2
40,81,156,5,8,256,2,3,-3
40,9,166,2,2,266,2,0,0
41,10,13,6,4,23,5,-2,-1
41,11,156,3,1,256,3,-2,0
41,12,121,2,2,221,3,0,1
41,13,141,1,0,241,1,-1,0
41,14,151,4,7,251,3,3,-1
41,15,114,2,2,214,2,0,0
41,16,15,3,3,25,2,0,-1
41,17,177,2,5,277,2,3,0
41,18,180,7,7,280,7,0,0
41,19,176,3,5,276,2,2,-1
41,2,155,4,6,255,5,2,1
41,20,179,5,7,279,5,2,0
41,21,166,5,8,266,2,3,-3
41,22,127,2,2,227,2,0,0
41,23,152,6,3,252,5,-3,-1
41,24,16,5,5,26,5,0,0
41,25,123,3,3,223,3,0,0
41,26,149,2,0,249,5,-2,3
41,27,157,2,0,257,2,-2,0
41,28,140,3,6,240,3,3,0
41,29,113,6,6,213,5,0,-1
41,3,173,5,0,273,5,-5,0
41,30,165,4,0,265,5,-4,1
41,31,150,5,5,250,5,0,0
41,32,167,6,3,267,3,-3,-3
41,33,160,2,4,260,3,2,1
41,34,11,5,0,21,5,-5,0
41,35,133,7,0,233,5,-7,-2
41,36,175,3,5,275,2,2,-1
41,37,131,4,2,231,5,-2,1
41,38,117,2,0,217,3,-2,1
41,39,112,2,5,212,2,3,0
41,4,158,4,4,258,4,0,0
41,40,120,5,3,220,4,-2,-1
41,41,18,3,1,28,2,-2,-1
41,42,171,2,4,271,3,2,1
41,43,145,6,8,245,5,2,-1
41,44,162,3,6,262,3,3,0
41,45,168,7,4,268,7,-3,0
41,46,143,4,2,243,4,-2,0
41,47,138,7,7,238,5,0,-2
41,48,137,3,3,237,3,0,0
41,49,116,2,4,216,2,2,0
41,5,148,4,4,248,2,0,-2
41,50,159,3,3,259,6,0,3
41,51,146,5,5,246,3,0,-2
41,52,14,3,3,24,3,0,0
41,53,118,3,6,218,3,3,0
41,54,132,1,3,232,1,2,0
41,55,161,4,1,261,4,-3,0
41,56,111,5,7,211,5,2,0
41,57,142,5,7,242,3,2,-2
41,58,178,3,1,278,3,-2,0
41,59,122,6,8,222,6,2,0
41,6,115,3,3,215,5,0,2
41,60,172,2,4,272,2,2,0
41,61,139,6,4,239,4,-2,-2
41,62,169,2,2,269,3,0,1
41,63,136,4,7,236,3,3,-1
41,64,126,6,6,226,5,0,-1
41,65,125,6,0,225,5,-6,-1
41,66,147,3,1,247,2,-2,-1
41,67,170,3,3,270,4,0,1
41,68,130,3,5,230,3,2,0
41,69,19,4,0,29,4,-4,0
41,7,129,5,5,229,2,0,-3
41,70,174,3,6,274,3,3,0
41,71,17,6,4,27,6,-2,0
41,72,119,5,3,219,5,-2,0
41,73,135,1,3,235,2,2,1
41,74,154,4,2,254,2,-2,-2
41,75,128,4,2,228,4,-2,0
41,76,110,2,5,210,4,3,2
41,77,153,2,5,253,2,3,0
41,78,144,2,2,244,3,0,1
41,79,134,7,5,234,6,-2,-1
41,8,164,3,5,264,2,2,-1
41,80,12,2,5,22,2,3,0
41,81,124,5,7,224,5,2,0
41,9,163,4,7,263,3,3,-1
42,10,121,6,4,221,5,-2,-1
42,11,123,6,8,223,7,2,1
42,12,126,3,6,226,4,3,1
42,13,131,3,3,231,3,0,0
42,14,177,2,4,277,2,2,0
42,15,175,2,4,275,3,2,1
42,16,14,3,5,24,3,2,0
42,17,159,4,1,259,4,-3,0
42,18,179,5,5,279,5,0,0
42,19,124,7,4,224,5,-3,-2
42,2,153,4,1,253,7,-3,3
42,20,12,6,3,22,6,-3,0
42,21,157,3,0,257,2,-3,-1
42,22,113,5,3,213,3,-2,-2
42,23,180,4,4,280,4,0,0
42,24,138,4,2,238,3,-2,-1
42,25,169,3,1,269,3,-2,0
42,26,16,6,4,26,5,-2,-1
42,27,128,5,2,228,4,-3,-1
42,28,135,4,2,235,7,-2,3
42,29,13,6,4,23,7,-2,1
42,3,174,4,2,274,3,-2,-1
42,30,112,5,5,212,4,0,-1
42,31,178,6,8,278,5,2,-1
42,32,137,5,5,237,5,0,0
42,33,120,4,2,220,3,-2,-1
42,34,132,4,2,232,5,-2,1
42,35,140,5,2,240,5,-3,0
42,36,146,3,5,246,4,2,1
42,37,170,7,5,270,8,-2,1
42,38,117,3,0,217,3,-3,0
42,39,145,4,7,245,3,3,-1
42,4,136,4,4,236,4,0,0
42,40,17,4,6,27,4,2,0
42,41,148,6,3,248,6,-3,0
42,42,116,3,6,216,3,3,0
42,43,125,3,0,225,4,-3,1
42,44,165,3,0,265,3,-3,0
42,45,173,5,0,273,6,-5,1
42,46,158,5,2,258,4,-3,-1
42,47,150,7,7,250,8,0,1
42,48,127,3,1,227,3,-2,0
42,49,15,3,5,25,3,2,0
42,5,139,5,5,239,5,0,0
42,50,154,3,6,254,3,3,0
42,51,19,4,0,29,3,-4,-1
42,52,156,3,3,256,3,0,0
42,53,134,5,7,234,6,2,1
42,54,149,5,0,249,5,-5,0
42,55,130,5,3,230,5,-2,0
42,56,162,8,8,262,8,0,0
42,57,167,4,6,267,4,2,0
42,58,115,4,4,215,3,0,-1
42,59,152,6,8,252,6,2,0
42,6,160,2,5,260,6,3,4
42,60,172,3,1,272,3,-2,0
42,61,171,3,6,271,4,3,1
42,62,114,3,6,214,3,3,0
42,63,163,5,5,263,6,0,1
42,64,143,6,8,243,7,2,1
42,65,119,5,7,219,3,2,-2
42,66,151,2,5,251,2,3,0
42,67,164,5,8,264,7,3,2
42,68,110,4,2,210,3,-2,-1
42,69,122,6,8,222,7,2,1
42,7,142,3,3,242,3,0,0
42,70,144,6,6,244,6,0,0
42,71,176,3,5,276,3,2,0
42,72,166,4,2,266,6,-2,2
42,73,141,2,0,241,2,-2,0
42,74,118,6,4,218,5,-2,-1
42,75,111,4,7,211,4,3,0
42,76,18,3,3,28,3,0,0
42,77,155,4,6,255,3,2,-1
42,78,133,2,0,233,2,-2,0
42,79,168,6,6,268,6,0,0
42,8,11,3,0,21,3,-3,0
42,80,129,2,2,229,3,0,1
42,81,147,3,6,247,3,3,0
42,9,161,3,3,261,5,0,2
43,10,117,6,0,217,4,-6,-2
43,11,173,7,0,273,6,-7,-1
43,12,17,6,3,27,5,-3,-1
43,13,161,5,3,261,2,-2,-3
43,14,12,1,4,22,1,3,0
43,15,18,5,7,28,6,2,1
43,16,162,3,1,262,2,-2,-1
43,17,129,3,3,229,5,0,2
43,18,119,6,6,219,5,0,-1
43,19,144,6,6,244,6,0,0
43,2,111,3,3,211,2,0,-1
43,20,112,6,8,212,7,2,1
43,21,154,4,6,254,3,2,-1
43,22,132,2,4,232,1,2,-1
43,23,14,6,6,24,6,0,0
43,24,176,4,6,276,6,2,2
43,25,168,6,4,268,1,-2,-5
43,26,146,7,5,246,7,-2,0
43,27,175,2,5,275,5,3,3
43,28,128,5,7,228,5,2,0
43,29,135,6,6,235,7,0,1
43,3,178,1,1,278,2,0,1
43,30,155,5,3,255,3,-2,-2
43,31,174,1,1,274,4,0,3
43,32,134,3,5,234,3,2,0
43,33,151,4,4,251,1,0,-3
43,34,11,3,0,21,1,-3,-2
43,35,156,7,5,256,7,-2,0
43,36,158,2,4,258,1,2,-1
43,37,123,7,4,223,7,-3,0
43,38,130,1,4,230,1,3,0
43,39,149,2,0,249,1,-2,-1
43,4,136,3,5,236,6,2,3
43,40,133,5,0,233,6,-5,1
43,41,139,8,6,239,7,-2,-1
43,42,148,2,2,248,1,0,-1
43,43,160,7,4,260,6,-3,-1
43,44,147,2,5,247,1,3,-1
43,45,13,6,4,23,4,-2,-2
43,46,163,6,6,263,6,0,0
43,47,15,8,5,25,8,-3,0
43,48,122,5,5,222,5,0,0
43,49,19,4,0,29,2,-4,-2
43,5,137,5,7,237,7,2,2
43,50,16,4,6,26,6,2,2
43,51,169,2,4,269,3,2,1
43,52,153,2,5,253,1,3,-1
43,53,179,6,8,279,6,2,0
43,54,180,2,5,280,4,3,2
43,55,138,6,8,238,5,2,-1
43,56,110,8,5,210,8,-3,0
43,57,171,3,5,271,3,2,0
43,58,126,1,4,226,1,3,0
43,59,164,8,5,264,7,-3,-1
43,6,167,1,3,267,1,2,0
43,60,172,2,4,272,1,2,-1
43,61,165,2,0,265,2,-2,0
43,62,142,3,3,242,1,0,-2
43,63,152,6,6,252,6,0,0
43,64,131,6,4,231,6,-2,0
43,65,115,4,1,215,2,-3,-2
43,66,121,3,1,221,2,-2,-1
43,67,145,7,7,245,7,0,0
43,68,113,5,3,213,2,-2,-3
43,69,170,5,8,270,6,3,1
43,7,118,3,1,218,2,-2,-1
43,70,120,5,5,220,5,0,0
43,71,141,5,0,241,5,-5,0
43,72,116,5,7,216,5,2,0
43,73,166,1,1,266,1,0,0
43,74,177,7,5,277,8,-2,1
43,75,125,5,0,225,5,-5,0
43,76,124,6,3,224,6,-3,0
43,77,127,5,2,227,6,-3,1
43,78,150,1,4,250,1,3,0
43,79,143,7,7,243,5,0,-2
43,8,159,2,2,259,2,0,0
43,80,114,4,1,214,4,-3,0
43,81,140,3,6,240,3,3,0
43,9,157,5,0,257,3,-5,-2
44,10,163,5,7,263,6,2,1
44,11,153,6,3,253,7,-3,1
44,12,143,3,5,243,2,2,-1
44,13,117,3,0,217,2,-3,-1
44,14,13,5,2,23,5,-3,0
44,15,179,3,6,279,5,3,2
44,16,135,6,8,235,7,2,1
44,17,173,3,0,273,2,-3,-1
44,18,123,3,3,223,5,0,2
44,19,150,1,1,250,1,0,0
44,2,154,2,4,254,3,2,1
44,20,158,6,8,258,6,2,0
44,21,128,2,5,228,3,3,1
44,22,138,2,4,238,2,2,0
44,23,157,5,0,257,7,-5,2
44,24,162,4,4,262,6,0,2
44,25,130,5,3,230,6,-2,1
44,26,151,3,5,251,6,2,3
44,27,19,2,0,29,2,-2,0
44,28,172,6,8,272,6,2,0
44,29,142,5,5,242,4,0,-1
44,3,115,3,6,215,5,3,2
44,30,15,4,1,25,2,-3,-2
44,31,140,3,6,240,3,3,0
44,32,112,2,4,212,3,2,1
44,33,125,5,0,225,3,-5,-2
44,34,180,6,8,280,7,2,1
44,35,16,3,3,26,6,0,3
44,36,166,2,5,266,3,3,1
44,37,18,3,1,28,7,-2,4
44,38,170,3,6,270,3,3,0
44,39,120,6,4,220,4,-2,-2
44,4,127,2,2,227,6,0,4
44,40,164,4,7,264,3,3,-1
44,41,141,4,0,241,5,-4,1
44,42,113,2,4,213,1,2,-1
44,43,167,5,7,267,6,2,1
44,44,176,4,1,276,2,-3,-2
44,45,147,2,5,247,5,3,3
44,46,114,4,2,214,2,-2,-2
44,47,177,7,7,277,8,0,1
44,48,110,2,5,210,1,3,-1
44,49,168,5,3,268,3,-2,-2
44,5,137,4,1,237,2,-3,-2
44,50,136,5,8,236,7,3,2
44,51,132,3,3,232,6,0,3
44,52,119,5,8,219,7,3,2
44,53,161,3,6,261,4,3,1
44,54,118,5,7,218,3,2,-2
44,55,149,4,0,249,2,-4,-2
44,56,148,5,8,248,7,3,2
44,57,134,4,4,234,2,0,-2
44,58,139,2,2,239,2,0,0
44,59,171,5,5,271,6,0,1
44,6,156,2,5,256,1,3,-1
44,60,12,3,3,22,1,0,-2
44,61,111,3,1,211,3,-2,0
44,62,133,2,0,233,2,-2,0
44,63,152,5,7,252,7,2,2
44,64,11,3,0,21,3,-3,0
44,65,17,4,2,27,7,-2,3
44,66,124,3,6,224,3,3,0
44,67,14,6,3,24,6,-3,0
44,68,169,3,6,269,3,3,0
44,69,126,4,2,226,6,-2,2
44,7,146,6,3,246,5,-3,-1
44,70,159,4,2,259,2,-2,-2
44,71,174,5,7,274,6,2,1
44,72,178,6,8,278,6,2,0
44,73,175,4,7,275,3,3,-1
44,74,122,2,5,222,2,3,0
44,75,121,4,2,221,3,-2,-1
44,76,145,5,8,245,4,3,-1
44,77,116,3,6,216,2,3,-1
44,78,129,3,3,229,3,0,0
44,79,165,5,0,265,4,-5,-1
44,8,144,4,6,244,3,2,-1
44,80,155,2,2,255,2,0,0
44,81,160,2,4,260,2,2,0
44,9,131,6,6,231,7,0,1
45,10,122,7,7,222,6,0,-1
45,11,145,8,5,245,6,-3,-2
45,12,172,6,6,272,6,0,0
45,13,140,5,5,240,3,0,-2
45,14,149,6,0,249,6,-6,0
45,15,176,6,4,276,6,-2,0
45,16,164,6,8,264,6,2,0
45,17,17,7,7,27,6,0,-1
45,18,133,7,0,233,6,-7,-1
45,19,163,6,3,263,5,-3,-1
45,2,128,5,5,228,6,0,1
45,20,15,8,8,25,6,0,-2
45,21,123,5,3,223,4,-2,-1
45,22,155,4,4,255,5,0,1
45,23,147,6,8,247,4,2,-2
45,24,154,6,3,254,7,-3,1
45,25,114,6,6,214,4,0,-2
45,26,168,8,6,268,6,-2,-2
45,27,171,6,4,271,6,-2,0
45,28,160,7,7,260,7,0,0
45,29,124,8,6,224,7,-2,-1
45,3,170,5,7,270,6,2,1
45,30,153,6,6,253,7,0,1
45,31,167,5,7,267,6,2,1
45,32,118,7,7,218,6,0,-1
45,33,111,7,7,211,6,0,-1
45,34,120,6,8,220,6,2,0
45,35,126,7,7,226,6,0,-1
45,36,169,5,2,269,5,-3,0
45,37,159,7,5,259,6,-2,-1
45,38,137,4,2,237,6,-2,2
45,39,180,5,3,280,6,-2,1
45,4,175,7,7,275,6,0,-1
45,40,165,7,0,265,5,-7,-2
45,41,132,6,8,232,5,2,-1
45,42,144,5,5,244,4,0,-1
45,43,142,8,5,242,6,-3,-2
45,44,156,6,4,256,5,-2,-1
45,45,136,7,4,236,7,-3,0
45,46,116,7,5,216,6,-2,-1
45,47,130,8,5,230,7,-3,-1
45,48,173,4,0,273,5,-4,1
45,49,152,6,8,252,6,2,0
45,5,134,8,8,234,6,0,-2
45,50,14,6,8,24,6,2,0
45,51,157,6,0,257,6,-6,0
45,52,135,6,3,235,6,-3,0
45,53,178,7,7,278,7,0,0
45,54,179,5,5,279,6,0,1
45,55,150,7,4,250,6,-3,-1
45,56,177,8,8,277,7,0,-1
45,57,143,6,6,243,4,0,-2
45,58,13,4,6,23,3,2,-1
45,59,113,7,5,213,6,-2,-1
45,6,117,5,0,217,4,-5,-1
45,60,121,6,3,221,5,-3,-1
45,61,16,5,3,26,5,-2,0
45,62,146,5,2,246,4,-3,-1
45,63,174,8,5,274,6,-3,-2
45,64,139,7,5,239,6,-2,-1
45,65,127,6,3,227,6,-3,0
45,66,129,5,3,229,5,-2,0
45,67,161,7,5,261,6,-2,-1
45,68,125,7,0,225,5,-7,-2
45,69,12,6,4,22,6,-2,0
45,7,138,6,8,238,5,2,-1
45,70,148,6,6,248,5,0,-1
45,71,162,7,5,262,6,-2,-1
45,72,166,6,8,266,6,2,0
45,73,158,3,5,258,5,2,2
45,74,11,6,0,21,7,-6,1
45,75,119,7,4,219,6,-3,-1
45,76,131,6,4,231,6,-2,0
45,77,151,7,7,251,6,0,-1
45,78,110,6,4,210,4,-2,-2
45,79,141,8,0,241,6,-8,-2
45,8,115,5,8,215,4,3,-1
45,80,18,6,8,28,6,2,0
45,81,19,5,0,29,5,-5,0
45,9,112,7,5,212,4,-2,-3
5,10,12,6,6,22,6,0,0
5,11,177,8,8,277,7,0,-1
5,12,175,5,3,275,4,-2,-1
5,13,152,3,5,252,2,2,-1
5,14,119,5,2,219,5,-3,0
5,15,127,5,2,227,7,-3,2
5,16,133,5,0,233,4,-5,-1
5,17,157,5,0,257,6,-5,1
5,18,17,7,7,27,7,0,0
5,19,132,7,7,232,8,0,1
5,2,149,6,0,249,5,-6,-1
5,20,121,5,7,221,5,2,0
5,21,16,5,8,26,8,3,3
5,22,174,6,8,274,8,2,2
5,23,166,7,5,266,7,-2,0
5,24,115,6,6,215,6,0,0
5,25,129,3,3,229,4,0,1
5,26,154,8,8,254,8,0,0
5,27,180,7,7,280,7,0,0
5,28,125,7,0,225,8,-7,1
5,29,143,7,4,243,7,-3,0
5,3,147,3,3,247,4,0,1
5,30,169,7,4,269,7,-3,0
5,31,151,5,7,251,7,2,2
5,32,110,6,4,210,6,-2,0
5,33,14,7,7,24,5,0,-2
5,34,144,8,6,244,8,-2,0
5,35,163,6,4,263,6,-2,0
5,36,161,5,2,261,5,-3,0
5,37,15,7,5,25,8,-2,1
5,38,112,2,5,212,2,3,0
5,39,139,4,2,239,4,-2,0
5,4,155,7,7,255,8,0,1
5,40,162,7,7,262,7,0,0
5,41,156,5,3,256,5,-2,0
5,42,168,6,3,268,6,-3,0
5,43,130,6,6,230,6,0,0
5,44,11,4,0,21,4,-4,0
5,45,137,8,8,237,7,0,-1
5,46,126,5,8,226,6,3,1
5,47,111,8,5,211,8,-3,0
5,48,140,8,8,240,8,0,0
5,49,135,7,4,235,7,-3,0
5,5,170,6,8,270,7,2,1
5,50,148,4,2,248,4,-2,0
5,51,138,8,5,238,7,-3,-1
5,52,167,5,7,267,6,2,1
5,53,117,5,0,217,5,-5,0
5,54,114,6,8,214,7,2,1
5,55,124,6,3,224,7,-3,1
5,56,18,8,8,28,8,0,0
5,57,122,7,4,222,7,-3,0
5,58,171,4,7,271,5,3,1
5,59,118,8,8,218,5,0,-3
5,6,164,5,7,264,4,2,-1
5,60,19,5,0,29,5,-5,0
5,61,128,6,4,228,4,-2,-2
5,62,13,3,5,23,2,2,-1
5,63,145,8,8,245,8,0,0
5,64,172,7,7,272,7,0,0
5,65,141,8,0,241,8,-8,0
5,66,158,1,1,258,2,0,1
5,67,131,7,7,231,8,0,1
5,68,142,3,6,242,6,3,3
5,69,176,7,7,276,8,0,1
5,7,173,6,0,273,6,-6,0
5,70,179,6,8,279,5,2,-1
5,71,178,5,5,278,6,0,1
5,72,120,7,4,220,6,-3,-1
5,73,153,2,2,253,2,0,0
5,74,116,6,3,216,4,-3,-2
5,75,146,5,2,246,6,-3,1
5,76,113,6,6,213,5,0,-1
5,77,160,7,7,260,7,0,0
5,78,134,3,1,234,2,-2,-1
5,79,123,7,5,223,7,-2,0
5,8,136,3,6,236,7,3,4
5,80,165,4,0,265,5,-4,1
5,81,150,6,3,250,3,-3,-3
5,9,159,5,3,259,6,-2,1
6,10,126,8,8,226,8,0,0
6,11,132,7,4,232,6,-3,-1
6,12,142,2,4,242,3,2,1
6,13,168,2,2,268,2,0,0
6,14,179,3,6,279,2,3,-1
6,15,157,2,0,257,2,-2,0
6,16,130,3,1,230,2,-2,-1
6,17,147,8,8,247,8,0,0
6,18,16,8,8,26,8,0,0
6,19,136,8,6,236,8,-2,0
6,2,155,3,1,255,3,-2,0
6,20,165,4,0,265,4,-4,0
6,21,167,4,6,267,3,2,-1
6,22,146,2,2,246,2,0,0
6,23,113,5,3,213,6,-2,1
6,24,150,7,7,250,4,0,-3
6,25,138,2,2,238,2,0,0
6,26,18,8,6,28,7,-2,-1
6,27,125,8,0,225,8,-8,0
6,28,114,7,5,214,4,-2,-3
6,29,163,7,7,263,6,0,-1
6,3,148,3,1,248,1,-2,-2
6,30,14,8,8,24,5,0,-3
6,31,124,6,6,224,6,0,0
6,32,115,7,4,215,5,-3,-2
6,33,143,7,4,243,4,-3,-3
6,34,174,3,5,274,3,2,0
6,35,145,5,3,245,6,-2,1
6,36,176,2,4,276,2,2,0
6,37,11,8,0,21,6,-8,-2
6,38,164,2,4,264,2,2,0
6,39,149,2,0,249,2,-2,0
6,4,128,3,3,228,5,0,2
6,40,154,5,2,254,4,-3,-1
6,41,137,6,8,237,5,2,-1
6,42,116,2,4,216,2,2,0
6,43,17,7,5,27,4,-2,-3
6,44,151,3,1,251,2,-2,-1
6,45,13,7,5,23,6,-2,-1
6,46,159,4,7,259,3,3,-1
6,47,127,6,6,227,6,0,0
6,48,123,2,2,223,3,0,1
6,49,131,6,4,231,3,-2,-3
6,5,139,8,8,239,8,0,0
6,50,19,5,0,29,4,-5,-1
6,51,12,5,8,22,2,3,-3
6,52,140,3,5,240,3,2,0
6,53,160,7,7,260,4,0,-3
6,54,161,3,1,261,3,-2,0
6,55,171,8,8,271,8,0,0
6,56,172,7,7,272,7,0,0
6,57,110,4,7,210,5,3,1
6,58,152,4,7,252,5,3,1
6,59,120,8,5,220,8,-3,0
6,6,121,4,6,221,3,2,-1
6,60,169,3,1,269,3,-2,0
6,61,15,4,7,25,2,3,-2
6,62,180,2,4,280,4,2,2
6,63,170,3,5,270,2,2,-1
6,64,119,4,7,219,3,3,-1
6,65,118,7,7,218,1,0,-6
6,66,177,2,4,277,2,2,0
6,67,162,3,3,262,2,0,-1
6,68,166,7,7,266,6,0,-1
6,69,135,5,8,235,3,3,-2
6,7,111,6,6,211,7,0,1
6,70,173,6,0,273,6,-6,0
6,71,158,8,5,258,6,-3,-2
6,72,122,4,4,222,5,0,1
6,73,133,2,0,233,2,-2,0
6,74,178,4,4,278,2,0,-2
6,75,134,4,2,234,4,-2,0
6,76,144,7,7,244,6,0,-1
6,77,112,5,2,212,3,-3,-2
6,78,117,2,0,217,2,-2,0
6,79,153,7,7,253,6,0,-1
6,8,129,5,3,229,4,-2,-1
6,80,156,4,1,256,3,-3,-1
6,81,141,3,0,241,4,-3,1
6,9,175,2,5,275,2,3,0
7,10,16,7,4,26,7,-3,0
7,11,115,7,5,215,6,-2,-1
7,12,118,2,2,218,3,0,1
7,13,148,3,6,248,2,3,-1
7,14,151,3,6,251,4,3,1
7,15,144,3,3,244,4,0,1
7,16,159,3,6,259,4,3,1
7,17,173,2,0,273,2,-2,0
7,18,117,1,0,217,3,-1,2
7,19,113,5,3,213,4,-2,-1
7,2,155,4,1,255,7,-3,3
7,20,123,6,8,223,3,2,-3
7,21,170,3,6,270,4,3,1
7,22,140,5,2,240,3,-3,-2
7,23,13,7,7,23,7,0,0
7,24,180,2,2,280,4,0,2
7,25,146,3,1,246,6,-2,3
7,26,124,8,8,224,6,0,-2
7,27,143,3,5,243,3,2,0
7,28,149,4,0,249,5,-4,1
7,29,165,7,0,265,6,-7,-1
7,3,160,6,3,260,6,-3,0
7,30,166,3,5,266,3,2,0
7,31,138,4,4,238,3,0,-1
7,32,172,5,3,272,2,-2,-3
7,33,121,5,8,221,3,3,-2
7,34,131,3,6,231,2,3,-1
7,35,127,6,4,227,4,-2,-2
7,36,169,3,6,269,2,3,-1
7,37,11,6,0,21,6,-6,0
7,38,125,1,0,225,2,-1,1
7,39,18,5,8,28,8,3,3
7,4,142,6,3,242,6,-3,0
7,40,171,5,2,271,2,-3,-3
7,41,147,3,3,247,5,0,2
7,42,119,4,6,219,3,2,-1
7,43,17,3,3,27,3,0,0
7,44,150,2,2,250,4,0,2
7,45,129,7,7,229,7,0,0
7,46,179,3,3,279,4,0,1
7,47,162,4,7,262,5,3,1
7,48,116,2,5,216,6,3,4
7,49,122,5,5,222,2,0,-3
7,5,153,5,5,253,4,0,-1
7,50,110,7,4,210,4,-3,-3
7,51,177,3,1,277,4,-2,1
7,52,176,4,7,276,4,3,0
7,53,114,2,4,214,6,2,4
7,54,15,4,6,25,5,2,1
7,55,164,6,4,264,3,-2,-3
7,56,158,8,6,258,8,-2,0
7,57,137,4,6,237,3,2,-1
7,58,139,5,5,239,3,0,-2
7,59,130,5,3,230,2,-2,-3
7,6,19,2,0,29,2,-2,0
7,60,161,2,5,261,3,3,1
7,61,167,4,4,267,4,0,0
7,62,174,1,1,274,2,0,1
7,63,128,7,7,228,7,0,0
7,64,135,5,8,235,5,3,0
7,65,133,4,0,233,4,-4,0
7,66,163,4,6,263,4,2,0
7,67,145,6,8,245,6,2,0
7,68,157,2,0,257,2,-2,0
7,69,120,8,5,220,7,-3,-1
7,7,126,1,3,226,2,2,1
7,70,134,2,2,234,4,0,2
7,71,175,5,8,275,7,3,2
7,72,132,7,5,232,4,-2,-3
7,73,141,2,0,241,1,-2,-1
7,74,12,3,1,22,3,-2,0
7,75,178,3,5,278,5,2,2
7,76,154,5,5,254,4,0,-1
7,77,168,5,5,268,3,0,-2
7,78,136,1,1,236,1,0,0
7,79,156,7,5,256,7,-2,0
7,8,112,7,5,212,6,-2,-1
7,80,14,1,1,24,2,0,1
7,81,152,4,7,252,4,3,0
7,9,111,4,2,211,3,-2,-1
8,10,15,8,8,25,8,0,0
8,11,124,6,3,224,5,-3,-1
8,12,110,6,3,210,5,-3,-1
8,13,138,2,2,238,2,0,0
8,14,145,7,4,245,5,-3,-2
8,15,176,6,8,276,6,2,0
8,16,154,5,5,254,3,0,-2
8,17,143,3,3,243,6,0,3
8,18,172,5,7,272,6,2,1
8,19,123,8,8,223,4,0,-4
8,2,16,8,8,26,8,0,0
8,20,158,8,5,258,7,-3,-1
8,21,155,7,7,255,2,0,-5
8,22,150,3,6,250,2,3,-1
8,23,18,8,6,28,7,-2,-1
8,24,129,5,3,229,6,-2,1
8,25,119,5,2,219,6,-3,1
8,26,159,8,8,259,6,0,-2
8,27,173,3,0,273,5,-3,2
8,28,117,6,0,217,6,-6,0
8,29,127,4,1,227,7,-3,3
8,3,122,6,3,222,7,-3,1
8,30,142,6,3,242,6,-3,0
8,31,179,5,7,279,3,2,-2
8,32,168,2,4,268,1,2,-1
8,33,166,6,8,266,4,2,-2
8,34,149,7,0,249,5,-7,-2
8,35,136,6,3,236,3,-3,-3
8,36,128,2,5,228,4,3,2
8,37,152,5,7,252,6,2,1
8,38,114,2,2,214,5,0,3
8,39,116,5,8,216,3,3,-2
8,4,146,7,4,246,6,-3,-1
8,40,156,6,8,256,6,2,0
8,41,171,2,4,271,2,2,0
8,42,126,3,1,226,2,-2,-1
8,43,125,5,0,225,3,-5,-2
8,44,161,5,3,261,2,-2,-3
8,45,169,8,6,269,7,-2,-1
8,46,148,4,6,248,3,2,-1
8,47,132,8,6,232,7,-2,-1
8,48,164,6,8,264,7,2,1
8,49,112,2,4,212,3,2,1
8,5,120,7,4,220,5,-3,-2
8,50,180,6,8,280,8,2,2
8,51,13,5,7,23,5,2,0
8,52,178,4,1,278,2,-3,-2
8,53,163,7,7,263,7,0,0
8,54,113,8,8,213,8,0,0
8,55,111,5,2,211,2,-3,-3
8,56,165,8,0,265,8,-8,0
8,57,151,3,6,251,6,3,3
8,58,121,2,5,221,2,3,0
8,59,137,4,7,237,4,3,0
8,6,162,2,2,262,5,0,3
8,60,157,6,0,257,4,-6,-2
8,61,134,1,1,234,2,0,1
8,62,17,3,6,27,4,3,1
8,63,133,7,0,233,6,-7,-1
8,64,153,6,6,253,7,0,1
8,65,131,6,8,231,5,2,-1
8,66,19,4,0,29,6,-4,2
8,67,175,8,8,275,8,0,0
8,68,174,4,4,274,6,0,2
8,69,135,6,8,235,7,2,1
8,7,139,6,3,239,3,-3,-3
8,70,141,3,0,241,4,-3,1
8,71,144,8,6,244,7,-2,-1
8,72,160,4,4,260,2,0,-2
8,73,14,2,2,24,1,0,-1
8,74,118,4,1,218,6,-3,2
8,75,170,6,4,270,6,-2,0
8,76,140,5,2,240,6,-3,1
8,77,11,5,0,21,5,-5,0
8,78,177,1,3,277,1,2,0
8,79,147,6,4,247,7,-2,1
8,8,115,7,5,215,5,-2,-2
8,80,167,3,6,267,2,3,-1
8,81,130,4,6,230,4,2,0
8,9,12,7,7,22,8,0,1
9,10,135,2,2,235,2,0,0
9,11,143,4,1,243,4,-3,0
9,12,113,3,3,213,2,0,-1
9,13,177,3,3,277,2,0,-1
9,14,122,2,5,222,3,3,1
9,15,128,4,2,228,2,-2,-2
9,16,140,3,3,240,3,0,0
9,17,132,3,6,232,4,3,1
9,18,176,4,4,276,4,0,0
9,19,12,2,5,22,4,3,2
9,2,153,4,4,253,3,0,-1
9,20,111,5,2,211,3,-3,-2
9,21,141,2,0,241,2,-2,0
9,22,134,3,3,234,3,0,0
9,23,164,4,1,264,3,-3,-1
9,24,179,3,3,279,6,0,3
9,25,18,1,3,28,3,2,2
9,26,123,7,5,223,6,-2,-1
9,27,17,4,4,27,5,0,1
9,28,131,3,6,231,5,3,2
9,29,150,4,7,250,4,3,0
9,3,149,2,0,249,3,-2,1
9,30,14,4,2,24,4,-2,0
9,31,152,3,5,252,3,2,0
9,32,130,4,6,230,3,2,-1
9,33,125,5,0,225,6,-5,1
9,34,120,3,3,220,5,0,2
9,35,169,7,7,269,8,0,1
9,36,139,4,6,239,4,2,0
9,37,119,6,3,219,8,-3,2
9,38,110,4,7,210,4,3,0
9,39,155,5,2,255,4,-3,-1
9,4,147,2,2,247,2,0,0
9,40,165,2,0,265,2,-2,0
9,41,121,1,4,221,4,3,3
9,42,174,2,5,274,1,3,-1
9,43,118,5,7,218,5,2,0
9,44,127,3,1,227,3,-2,0
9,45,171,6,4,271,6,-2,0
9,46,168,3,1,268,3,-2,0
9,47,137,6,3,237,6,-3,0
9,48,124,2,4,224,3,2,1
9,49,154,3,5,254,5,2,2
9,5,172,3,1,272,3,-2,0
9,50,146,3,1,246,3,-2,0
9,51,144,3,5,244,2,2,-1
9,52,166,4,2,266,3,-2,-1
9,53,145,4,1,245,4,-3,0
9,54,161,5,2,261,3,-3,-2
9,55,117,2,0,217,5,-2,3
9,56,180,5,5,280,6,0,1
9,57,178,2,2,278,3,0,1
9,58,160,3,5,260,2,2,-1
9,59,138,3,6,238,5,3,2
9,6,136,3,5,236,2,2,-1
9,60,163,3,5,263,3,2,0
9,61,126,2,5,226,5,3,3
9,62,157,6,0,257,2,-6,-4
9,63,133,4,0,233,4,-4,0
9,64,129,5,8,229,4,3,-1
9,65,19,7,0,29,5,-7,-2
9,66,156,5,5,256,5,0,0
9,67,114,8,5,214,7,-3,-1
9,68,159,3,1,259,2,-2,-1
9,69,142,2,5,242,4,3,2
9,7,15,6,4,25,6,-2,0
9,70,16,7,4,26,6,-3,-1
9,71,115,5,7,215,7,2,2
9,72,170,5,8,270,7,3,2
9,73,148,1,1,248,2,0,1
9,74,116,6,4,216,6,-2,0
9,75,11,3,0,21,3,-3,0
9,76,162,5,5,262,5,0,0
9,77,158,2,4,258,4,2,2
9,78,173,1,0,273,1,-1,0
9,79,167,4,7,267,3,3,-1
9,8,151,3,5,251,3,2,0
9,80,13,3,6,23,3,3,0
9,81,112,6,8,212,4,2,-2
9,9,175,2,2,275,3,0,1
